-- MySQL dump 10.13  Distrib 5.7.28, for Linux (x86_64)
--
-- Host: 127.0.0.1    Database: f8a
-- ------------------------------------------------------
-- Server version	5.7.28-0ubuntu0.18.04.4

/*!40101 SET @OLD_CHARACTER_SET_CLIENT=@@CHARACTER_SET_CLIENT */;
/*!40101 SET @OLD_CHARACTER_SET_RESULTS=@@CHARACTER_SET_RESULTS */;
/*!40101 SET @OLD_COLLATION_CONNECTION=@@COLLATION_CONNECTION */;
/*!40101 SET NAMES utf8 */;
/*!40103 SET @OLD_TIME_ZONE=@@TIME_ZONE */;
/*!40103 SET TIME_ZONE='+00:00' */;
/*!40014 SET @OLD_UNIQUE_CHECKS=@@UNIQUE_CHECKS, UNIQUE_CHECKS=0 */;
/*!40014 SET @OLD_FOREIGN_KEY_CHECKS=@@FOREIGN_KEY_CHECKS, FOREIGN_KEY_CHECKS=0 */;
/*!40101 SET @OLD_SQL_MODE=@@SQL_MODE, SQL_MODE='NO_AUTO_VALUE_ON_ZERO' */;
/*!40111 SET @OLD_SQL_NOTES=@@SQL_NOTES, SQL_NOTES=0 */;

--
-- Table structure for table `events`
--

DROP TABLE IF EXISTS `events`;
/*!40101 SET @saved_cs_client     = @@character_set_client */;
/*!40101 SET character_set_client = utf8 */;
CREATE TABLE `events` (
  `id` int(11) NOT NULL AUTO_INCREMENT,
  `player_id` int(11) DEFAULT NULL,
  `game_id` int(11) DEFAULT NULL,
  `time` int(11) DEFAULT NULL,
  `type_event_id` int(11) DEFAULT NULL,
  `team_id` int(11) DEFAULT NULL,
  PRIMARY KEY (`id`),
  KEY `fk_events_plalyer_idx` (`player_id`),
  KEY `fk_events_game_idx` (`game_id`),
  KEY `fk_events_type_event_idx` (`type_event_id`),
  CONSTRAINT `fk_events_game` FOREIGN KEY (`game_id`) REFERENCES `games` (`id`) ON DELETE CASCADE ON UPDATE CASCADE,
  CONSTRAINT `fk_events_plalyer` FOREIGN KEY (`player_id`) REFERENCES `players` (`id`),
  CONSTRAINT `fk_events_type_event` FOREIGN KEY (`type_event_id`) REFERENCES `types_events` (`id`)
) ENGINE=InnoDB AUTO_INCREMENT=13 DEFAULT CHARSET=latin1;
/*!40101 SET character_set_client = @saved_cs_client */;

--
-- Dumping data for table `events`
--

LOCK TABLES `events` WRITE;
/*!40000 ALTER TABLE `events` DISABLE KEYS */;
INSERT INTO `events` VALUES (1,1,11,45,1,50),(2,1,11,45,1,50),(4,1,11,45,4,50),(5,2,11,32,1,52),(6,2,11,56,3,52),(7,1,11,65,4,50),(8,2,11,78,2,52),(9,2,11,65,1,52),(10,1,9,26,1,50),(11,1,9,68,4,50),(12,1,9,64,1,50);
/*!40000 ALTER TABLE `events` ENABLE KEYS */;
UNLOCK TABLES;

--
-- Table structure for table `games`
--

DROP TABLE IF EXISTS `games`;
/*!40101 SET @saved_cs_client     = @@character_set_client */;
/*!40101 SET character_set_client = utf8 */;
CREATE TABLE `games` (
  `id` int(11) NOT NULL AUTO_INCREMENT,
  `location` varchar(245) DEFAULT NULL,
  `time` varchar(45) DEFAULT NULL,
  `description` text,
  `status` enum('Pendiente','Suspendido','Jugado') DEFAULT NULL,
  `l_team` int(1) DEFAULT NULL,
  `v_team` int(1) DEFAULT NULL,
  `l_goals` int(11) DEFAULT '0',
  `v_goals` int(11) DEFAULT '0',
  `created_at` timestamp(1) NULL DEFAULT NULL,
  `updated_at` timestamp(1) NULL DEFAULT NULL,
  PRIMARY KEY (`id`),
  KEY `index2` (`l_team`,`v_team`) USING BTREE,
  KEY `fk_games_team2_idx` (`v_team`),
  CONSTRAINT `fk_games_team1` FOREIGN KEY (`l_team`) REFERENCES `teams` (`id`) ON UPDATE CASCADE,
  CONSTRAINT `fk_games_team2` FOREIGN KEY (`v_team`) REFERENCES `teams` (`id`) ON DELETE NO ACTION ON UPDATE CASCADE
) ENGINE=InnoDB AUTO_INCREMENT=13 DEFAULT CHARSET=latin1;
/*!40101 SET character_set_client = @saved_cs_client */;

--
-- Dumping data for table `games`
--

LOCK TABLES `games` WRITE;
/*!40000 ALTER TABLE `games` DISABLE KEYS */;
INSERT INTO `games` VALUES (9,'cancha rio de la plata','2020-12-21T16:19:57.567-03:00','mal partido de Arcenal','Jugado',50,56,12,3,'2020-12-21 04:20:49.0','2021-02-28 16:06:09.0'),(10,'casa','2020-12-22T16:12:39.680-03:00','','Pendiente',55,56,1,4,'2020-12-22 03:13:12.0','2020-12-22 03:13:12.0'),(11,'Cancha de katman','2020-12-22T16:00:14.324-03:00','','Pendiente',52,50,0,0,'2020-12-22 03:16:37.0','2020-12-26 19:08:14.0'),(12,'','2021-02-21T20:47:21.861-03:00','','Jugado',52,62,0,0,'2021-02-21 23:47:59.0','2021-02-28 16:22:29.0');
/*!40000 ALTER TABLE `games` ENABLE KEYS */;
UNLOCK TABLES;

--
-- Table structure for table `images`
--

DROP TABLE IF EXISTS `images`;
/*!40101 SET @saved_cs_client     = @@character_set_client */;
/*!40101 SET character_set_client = utf8 */;
CREATE TABLE `images` (
  `id` int(11) NOT NULL AUTO_INCREMENT,
  `url` varchar(255) DEFAULT NULL,
  `thumb` varchar(45) DEFAULT NULL,
  `name` varchar(245) DEFAULT NULL,
  `urlExterna` varchar(245) DEFAULT NULL,
  `created_at` timestamp(1) NULL DEFAULT NULL,
  `updated_at` timestamp(1) NULL DEFAULT NULL,
  PRIMARY KEY (`id`)
) ENGINE=InnoDB AUTO_INCREMENT=764 DEFAULT CHARSET=latin1;
/*!40101 SET character_set_client = @saved_cs_client */;

--
-- Dumping data for table `images`
--

LOCK TABLES `images` WRITE;
/*!40000 ALTER TABLE `images` DISABLE KEYS */;
INSERT INTO `images` VALUES (4,'images/team/','1','b9iKEPb4mlG7qGe.png',NULL,'2020-12-28 02:23:39.0','2020-12-28 02:23:39.0'),(5,'images/team/cover_page/','0','RrlbZXaanObdcWH.png',NULL,'2020-12-28 02:23:39.0','2020-12-28 02:23:39.0'),(6,'images/users/profile/','1','OC8gkxXTqR0zuQ6.png',NULL,'2020-12-28 03:20:40.0','2020-12-28 03:20:40.0'),(7,'images/users/profile/','1','jPZOXfv3dX3J9PI.jpeg',NULL,'2020-12-28 03:22:24.0','2020-12-28 03:22:24.0'),(8,'images/users/profile/','1','kVuoXZClgGnfXEN.jpeg',NULL,'2020-12-28 03:23:12.0','2020-12-28 03:23:12.0'),(10,'images/users/profile/','1','0goqzWhgrSQaf6o.png',NULL,'2020-12-28 03:28:57.0','2020-12-28 03:28:57.0'),(14,'images/team/','1','uaAZDsqPP4kcIEG.jpeg',NULL,'2020-12-29 02:01:32.0','2021-02-28 14:09:33.0'),(15,'images/team/cover_page/','0','TYl2mkx913nZ4SN.png',NULL,'2020-12-29 02:01:33.0','2021-03-01 03:41:35.0'),(18,'images/users/profile/','1','dnxI2Ba6tveDbNQ.png',NULL,'2020-12-29 03:12:27.0','2020-12-29 03:12:27.0'),(19,'images/users/profile/','1','0zJ0p6sb0uCn7Pc.png',NULL,'2021-01-11 01:32:55.0','2021-01-11 01:32:55.0'),(20,'images/team/','1','QI35ZCWqZ0XlXGi.png',NULL,'2021-01-31 17:56:00.0','2021-01-31 17:56:00.0'),(21,'images/team/cover_page/','0','BHu17R5rhadUpDQ.png',NULL,'2021-01-31 17:56:00.0','2021-01-31 17:56:00.0'),(22,'images/team/cover_page/','0','2qOkJeJriVz6ef2.png',NULL,'2021-03-01 03:23:46.0','2021-03-01 03:34:40.0'),(23,'images/team/cover_page/','0','xOVADr5nmLNoxjv.png',NULL,'2021-03-01 03:23:46.0','2021-03-01 03:30:40.0'),(24,'images/team/','1','vdoedTgWXP6HWmZ.png',NULL,'2021-03-01 03:28:36.0','2021-03-01 03:28:36.0'),(25,'images/team/','1','d83bAdCj4WaMNTs.png',NULL,'2021-03-01 03:31:59.0','2021-03-01 03:31:59.0'),(26,'images/team/cover_page/','0','tB7QpvPPSWVS0hp.png',NULL,'2021-03-01 03:31:59.0','2021-03-01 03:31:59.0'),(27,'images/team/','1','G4Y8dQ1zEoTOUiz.png',NULL,'2021-03-01 03:36:34.0','2021-03-01 03:36:34.0'),(28,'images/team/cover_page/','0','7yPvyGlofQ3maWR.png',NULL,'2021-03-01 03:36:35.0','2021-03-01 03:36:35.0'),(29,'images/players/profile/','1','BAOiBtXqsmVW6mC.png',NULL,'2021-03-27 14:24:27.0','2021-03-27 14:24:27.0'),(30,'images/players/profile/','1','kcwUSokWmHrwK9X.png',NULL,'2021-03-27 14:24:27.0','2021-03-27 14:24:27.0'),(31,'images/players/profile/','1','yJK9XFwa7ZWohQb.png',NULL,'2021-03-27 14:24:27.0','2021-03-27 14:24:27.0'),(32,'images/players/profile/','1','YI8rzVVBAnEVHbb.png',NULL,'2021-03-27 14:24:27.0','2021-03-27 14:24:27.0'),(33,'images/players/profile/','1','fHk4MuDv1Bin5eN.png',NULL,'2021-03-27 14:24:28.0','2021-03-27 14:24:28.0'),(34,'images/players/profile/','1','kzOHCUT6w9sYBih.png',NULL,'2021-03-27 14:24:28.0','2021-03-27 14:24:28.0'),(35,'images/players/profile/','1','9bWJsY6BHM9lD7e.png',NULL,'2021-03-27 14:24:28.0','2021-03-27 14:24:28.0'),(36,'images/players/profile/','1','xZwfvMHTeDHQBN8.png',NULL,'2021-03-27 14:24:28.0','2021-03-27 14:24:28.0'),(37,'images/players/profile/','1','JlBuLuEwr8fK7zu.png',NULL,'2021-03-27 14:24:28.0','2021-03-27 14:24:28.0'),(38,'images/players/profile/','1','lsIvcywav6p06Xf.png',NULL,'2021-03-27 14:24:28.0','2021-03-27 14:24:28.0'),(39,'images/players/profile/','1','72XohNcPnXuo90Q.png',NULL,'2021-03-27 14:24:28.0','2021-03-27 14:24:28.0'),(40,'images/players/profile/','1','8LuFC0yKAa1ZZaB.png',NULL,'2021-03-27 14:24:28.0','2021-03-27 14:24:28.0'),(41,'images/players/profile/','1','7rXvlJNubaj88B4.png',NULL,'2021-03-27 14:24:28.0','2021-03-27 14:24:28.0'),(42,'images/players/profile/','1','FdtnBRc4REe4Vhk.png',NULL,'2021-03-27 14:24:28.0','2021-03-27 14:24:28.0'),(43,'images/players/profile/','1','sIjpY7UGtON3pzj.png',NULL,'2021-03-27 14:24:28.0','2021-03-27 14:24:28.0'),(44,'images/players/profile/','1','3CWNZIg2zGcSuuG.png',NULL,'2021-03-27 14:24:28.0','2021-03-27 14:24:28.0'),(45,'images/players/profile/','1','IeLsWv5XvXuLRRO.png',NULL,'2021-03-27 14:24:29.0','2021-03-27 14:24:29.0'),(46,'images/players/profile/','1','al5KcQp8YTOKgEZ.png',NULL,'2021-03-27 14:24:29.0','2021-03-27 14:24:29.0'),(47,'images/players/profile/','1','jq9iHfsuEVMJaMl.png',NULL,'2021-03-27 14:24:29.0','2021-03-27 14:24:29.0'),(48,'images/players/profile/','1','5IokmO5pQxMMS0Q.png',NULL,'2021-03-27 14:24:29.0','2021-03-27 14:24:29.0'),(49,'images/players/profile/','1','z2LeODnYXlaKIPQ.png',NULL,'2021-03-27 14:24:29.0','2021-03-27 14:24:29.0'),(50,'images/players/profile/','1','0bFUagO4LTgrjyM.png',NULL,'2021-03-27 14:24:29.0','2021-03-27 14:24:29.0'),(51,'images/players/profile/','1','PUo3G8w1h73KdWA.png',NULL,'2021-03-27 14:24:29.0','2021-03-27 14:24:29.0'),(52,'images/players/profile/','1','F2wMBOsEXeJwRDM.png',NULL,'2021-03-27 14:24:29.0','2021-03-27 14:24:29.0'),(53,'images/players/profile/','1','O3Q6h2R3qnx9sE7.png',NULL,'2021-03-27 14:24:29.0','2021-03-27 14:24:29.0'),(54,'images/players/profile/','1','OhF4MxpNGPkYmmt.png',NULL,'2021-03-27 14:24:29.0','2021-03-27 14:24:29.0'),(55,'images/players/profile/','1','jFMzpJcVP3QS5d7.png',NULL,'2021-03-27 14:24:29.0','2021-03-27 14:24:29.0'),(56,'images/players/profile/','1','c47NVLEcYtFDkWH.png',NULL,'2021-03-27 14:24:29.0','2021-03-27 14:24:29.0'),(57,'images/players/profile/','1','wEWMGTlSBfSK07p.png',NULL,'2021-03-27 14:24:29.0','2021-03-27 14:24:29.0'),(58,'images/players/profile/','1','aYignO5iCKk38qL.png',NULL,'2021-03-27 14:24:30.0','2021-03-27 14:24:30.0'),(59,'images/players/profile/','1','FHoiQggceBG8eu1.png',NULL,'2021-03-27 14:24:30.0','2021-03-27 14:24:30.0'),(60,'images/players/profile/','1','rxHQ7vuJZMj990I.png',NULL,'2021-03-27 14:24:30.0','2021-03-27 14:24:30.0'),(61,'images/players/profile/','1','XUhewU5IqVsO3Zj.png',NULL,'2021-03-27 14:24:30.0','2021-03-27 14:24:30.0'),(62,'images/players/profile/','1','oP6JrKyQBrMKC2s.png',NULL,'2021-03-27 14:24:30.0','2021-03-27 14:24:30.0'),(63,'images/players/profile/','1','koe4VR2jl1tsWGC.png',NULL,'2021-03-27 14:24:30.0','2021-03-27 14:24:30.0'),(64,'images/players/profile/','1','4vTVPODlrRMRoDE.png',NULL,'2021-03-27 14:24:30.0','2021-03-27 14:24:30.0'),(65,'images/players/profile/','1','mdOjjt5zYFP5AdG.png',NULL,'2021-03-27 14:24:30.0','2021-03-27 14:24:30.0'),(66,'images/players/profile/','1','WezhlWK355DJNrr.png',NULL,'2021-03-27 14:24:30.0','2021-03-27 14:24:30.0'),(67,'images/players/profile/','1','UhSdwv2mR7v5FUp.png',NULL,'2021-03-27 14:24:30.0','2021-03-27 14:24:30.0'),(68,'images/players/profile/','1','JtPbKVQ2ROYn8Zg.png',NULL,'2021-03-27 14:24:30.0','2021-03-27 14:24:30.0'),(69,'images/players/profile/','1','pR0852F9Ekq7tTM.png',NULL,'2021-03-27 14:24:30.0','2021-03-27 14:24:30.0'),(70,'images/players/profile/','1','ivxOhUOVSaxoBYx.png',NULL,'2021-03-27 14:24:30.0','2021-03-27 14:24:30.0'),(71,'images/players/profile/','1','RhPaYJXaZaYMtks.png',NULL,'2021-03-27 14:24:30.0','2021-03-27 14:24:30.0'),(72,'images/players/profile/','1','MqgSGPhgqaiIwj4.png',NULL,'2021-03-27 14:24:31.0','2021-03-27 14:24:31.0'),(73,'images/players/profile/','1','DEReHoA5lEZblOo.png',NULL,'2021-03-27 14:24:31.0','2021-03-27 14:24:31.0'),(74,'images/players/profile/','1','u1wRBzMeNPR485J.png',NULL,'2021-03-27 14:24:31.0','2021-03-27 14:24:31.0'),(75,'images/players/profile/','1','dA0NiFMscize1c6.png',NULL,'2021-03-27 14:24:31.0','2021-03-27 14:24:31.0'),(76,'images/players/profile/','1','q8IhlRJH3xKnGYd.png',NULL,'2021-03-27 14:24:31.0','2021-03-27 14:24:31.0'),(77,'images/players/profile/','1','reKRy7E3tkhTZkF.png',NULL,'2021-03-27 14:24:31.0','2021-03-27 14:24:31.0'),(78,'images/players/profile/','1','VVrsSb2nFJx0KOD.png',NULL,'2021-03-27 14:24:31.0','2021-03-27 14:24:31.0'),(79,'images/players/profile/','1','peaEO3QzMNamZVj.png',NULL,'2021-03-27 14:24:31.0','2021-03-27 14:24:31.0'),(80,'images/players/profile/','1','8SQHGUJvCJ9Ji61.png',NULL,'2021-03-27 14:24:31.0','2021-03-27 14:24:31.0'),(81,'images/players/profile/','1','kcDJOZIXg8d5Z1d.png',NULL,'2021-03-27 14:24:31.0','2021-03-27 14:24:31.0'),(82,'images/players/profile/','1','HAk9Lzj5HUq8clf.png',NULL,'2021-03-27 14:24:31.0','2021-03-27 14:24:31.0'),(83,'images/players/profile/','1','kQBnNCtGekehk5D.png',NULL,'2021-03-27 14:24:31.0','2021-03-27 14:24:31.0'),(84,'images/players/profile/','1','qD5HzEhRJhvLxYH.png',NULL,'2021-03-27 14:24:31.0','2021-03-27 14:24:31.0'),(85,'images/players/profile/','1','68VPk5udOCmUmtF.png',NULL,'2021-03-27 14:24:31.0','2021-03-27 14:24:31.0'),(86,'images/players/profile/','1','hnQLwcggIg2bopM.png',NULL,'2021-03-27 14:24:31.0','2021-03-27 14:24:31.0'),(87,'images/players/profile/','1','3bLiYY6prOnYA1A.png',NULL,'2021-03-27 14:24:31.0','2021-03-27 14:24:31.0'),(88,'images/players/profile/','1','ZypMVWzyHQSsJPR.png',NULL,'2021-03-27 14:24:32.0','2021-03-27 14:24:32.0'),(89,'images/players/profile/','1','EhTAvuUoNKWxGAK.png',NULL,'2021-03-27 14:24:32.0','2021-03-27 14:24:32.0'),(90,'images/players/profile/','1','e3KwiIZ2ZNiCF4C.png',NULL,'2021-03-27 14:24:32.0','2021-03-27 14:24:32.0'),(91,'images/players/profile/','1','8vUspXh1UGlXhT9.png',NULL,'2021-03-27 14:24:32.0','2021-03-27 14:24:32.0'),(92,'images/players/profile/','1','hCHkx5Mur9J95gW.png',NULL,'2021-03-27 14:24:32.0','2021-03-27 14:24:32.0'),(93,'images/players/profile/','1','owdRZctl1dYiyGk.png',NULL,'2021-03-27 14:24:32.0','2021-03-27 14:24:32.0'),(94,'images/players/profile/','1','JpptdzR0zU1FfUr.png',NULL,'2021-03-27 14:24:32.0','2021-03-27 14:24:32.0'),(95,'images/players/profile/','1','4H8lareo2s0rL9t.png',NULL,'2021-03-27 14:24:32.0','2021-03-27 14:24:32.0'),(96,'images/players/profile/','1','b2qyO2q6VOhX5lI.png',NULL,'2021-03-27 14:24:32.0','2021-03-27 14:24:32.0'),(97,'images/players/profile/','1','bcwvEGiI909co3Y.png',NULL,'2021-03-27 14:24:32.0','2021-03-27 14:24:32.0'),(98,'images/players/profile/','1','jGa0TTlcXHY2ybl.png',NULL,'2021-03-27 14:24:32.0','2021-03-27 14:24:32.0'),(99,'images/players/profile/','1','sTd7QK5jU7GsFXv.png',NULL,'2021-03-27 14:24:32.0','2021-03-27 14:24:32.0'),(100,'images/players/profile/','1','rLaehhcgZ5fGTO6.png',NULL,'2021-03-27 14:24:32.0','2021-03-27 14:24:32.0'),(101,'images/players/profile/','1','bohkfLfMJheSjxr.png',NULL,'2021-03-27 14:24:32.0','2021-03-27 14:24:32.0'),(102,'images/players/profile/','1','lDjTIpt1p8BviYp.png',NULL,'2021-03-27 14:24:33.0','2021-03-27 14:24:33.0'),(103,'images/players/profile/','1','QLc3qxMrLXhvV7A.png',NULL,'2021-03-27 14:24:33.0','2021-03-27 14:24:33.0'),(104,'images/players/profile/','1','CqXICIS59x5zdcv.png',NULL,'2021-03-27 14:24:33.0','2021-03-27 14:24:33.0'),(105,'images/players/profile/','1','w9gFHmCjCTW3r4Z.png',NULL,'2021-03-27 14:24:33.0','2021-03-27 14:24:33.0'),(106,'images/players/profile/','1','WLkfVT9zpRM00ph.png',NULL,'2021-03-27 14:24:33.0','2021-03-27 14:24:33.0'),(107,'images/players/profile/','1','LjE6sIADw8acC1e.png',NULL,'2021-03-27 14:24:33.0','2021-03-27 14:24:33.0'),(108,'images/players/profile/','1','olu1ykT9QzcgodF.png',NULL,'2021-03-27 14:24:33.0','2021-03-27 14:24:33.0'),(109,'images/players/profile/','1','R1g9jeJqPz8XvOv.png',NULL,'2021-03-27 14:24:33.0','2021-03-27 14:24:33.0'),(110,'images/players/profile/','1','eE0gg7JRe94AvzQ.png',NULL,'2021-03-27 14:24:33.0','2021-03-27 14:24:33.0'),(111,'images/players/profile/','1','5Z53mnv086JaGXK.png',NULL,'2021-03-27 14:24:33.0','2021-03-27 14:24:33.0'),(112,'images/players/profile/','1','l1Uhhe4aMf9PWLZ.png',NULL,'2021-03-27 14:24:33.0','2021-03-27 14:24:33.0'),(113,'images/players/profile/','1','4tg1cH98w51WAui.png',NULL,'2021-03-27 14:24:33.0','2021-03-27 14:24:33.0'),(114,'images/players/profile/','1','OO1yeXiGsMTCEpo.png',NULL,'2021-03-27 14:24:33.0','2021-03-27 14:24:33.0'),(115,'images/players/profile/','1','RGoyK5o2vtxpEx8.png',NULL,'2021-03-27 14:24:33.0','2021-03-27 14:24:33.0'),(116,'images/players/profile/','1','cNQ10P1h6bsq8Fd.png',NULL,'2021-03-27 14:24:34.0','2021-03-27 14:24:34.0'),(117,'images/players/profile/','1','QQMuertTnfvrYHm.png',NULL,'2021-03-27 14:24:34.0','2021-03-27 14:24:34.0'),(118,'images/players/profile/','1','52thCu4UiHUV8Sw.png',NULL,'2021-03-27 14:24:34.0','2021-03-27 14:24:34.0'),(119,'images/players/profile/','1','giQLF3oYUql24Tv.png',NULL,'2021-03-27 14:24:34.0','2021-03-27 14:24:34.0'),(120,'images/players/profile/','1','4dC34BtMhPQYIk1.png',NULL,'2021-03-27 14:24:34.0','2021-03-27 14:24:34.0'),(121,'images/players/profile/','1','KvzKYGG6ViFrh7G.png',NULL,'2021-03-27 14:24:34.0','2021-03-27 14:24:34.0'),(122,'images/players/profile/','1','k0ZmSBR2UzYkUcG.png',NULL,'2021-03-27 14:24:34.0','2021-03-27 14:24:34.0'),(123,'images/players/profile/','1','DPWH6lXrjbTxssC.png',NULL,'2021-03-27 14:24:34.0','2021-03-27 14:24:34.0'),(124,'images/players/profile/','1','Vo9kfyK8IM8Vdmv.png',NULL,'2021-03-27 14:24:34.0','2021-03-27 14:24:34.0'),(125,'images/players/profile/','1','lG6IbOVd1qqtUDM.png',NULL,'2021-03-27 14:24:34.0','2021-03-27 14:24:34.0'),(126,'images/players/profile/','1','DesXoB4zwbSWzrV.png',NULL,'2021-03-27 14:24:34.0','2021-03-27 14:24:34.0'),(127,'images/players/profile/','1','UTuI2UBvm2vNV84.png',NULL,'2021-03-27 14:24:34.0','2021-03-27 14:24:34.0'),(128,'images/players/profile/','1','gZkuZTKIpi4BoYQ.png',NULL,'2021-03-27 14:24:34.0','2021-03-27 14:24:34.0'),(129,'images/players/profile/','1','TdfCHspFIl32Tsp.png',NULL,'2021-03-27 14:24:34.0','2021-03-27 14:24:34.0'),(130,'images/players/profile/','1','IYS38G0Xrde5mLL.png',NULL,'2021-03-27 14:24:34.0','2021-03-27 14:24:34.0'),(131,'images/players/profile/','1','Iz0pSltFSntTvwq.png',NULL,'2021-03-27 14:24:35.0','2021-03-27 14:24:35.0'),(132,'images/players/profile/','1','rWF5RsXOQssurbW.png',NULL,'2021-03-27 14:24:35.0','2021-03-27 14:24:35.0'),(133,'images/players/profile/','1','q99aDl3QZt7GMMn.png',NULL,'2021-03-27 14:24:35.0','2021-03-27 14:24:35.0'),(134,'images/players/profile/','1','fSxce86q3M40Alj.png',NULL,'2021-03-27 14:24:35.0','2021-03-27 14:24:35.0'),(135,'images/players/profile/','1','cechemsHZS9FPlA.png',NULL,'2021-03-27 14:24:35.0','2021-03-27 14:24:35.0'),(136,'images/players/profile/','1','lnAXMkI86LCjcCu.png',NULL,'2021-03-27 14:24:35.0','2021-03-27 14:24:35.0'),(137,'images/players/profile/','1','ipk6E2S6jhhbEU0.png',NULL,'2021-03-27 14:24:35.0','2021-03-27 14:24:35.0'),(138,'images/players/profile/','1','md3BWj3jGr2Pmro.png',NULL,'2021-03-27 14:24:35.0','2021-03-27 14:24:35.0'),(139,'images/players/profile/','1','AZDq6CU8wwKoGOr.png',NULL,'2021-03-27 14:24:35.0','2021-03-27 14:24:35.0'),(140,'images/players/profile/','1','4nzF9reRSdU1WRo.png',NULL,'2021-03-27 14:24:35.0','2021-03-27 14:24:35.0'),(141,'images/players/profile/','1','Sy7kOpdE8RbjVmS.png',NULL,'2021-03-27 14:24:35.0','2021-03-27 14:24:35.0'),(142,'images/players/profile/','1','fIxpWSsEpJL7zT9.png',NULL,'2021-03-27 14:24:35.0','2021-03-27 14:24:35.0'),(143,'images/players/profile/','1','kBBKcLIqaMkvoEL.png',NULL,'2021-03-27 14:24:35.0','2021-03-27 14:24:35.0'),(144,'images/players/profile/','1','dwPi94RbqQYcjg0.png',NULL,'2021-03-27 14:24:35.0','2021-03-27 14:24:35.0'),(145,'images/players/profile/','1','QZM9WlGG4a4BxtP.png',NULL,'2021-03-27 14:24:35.0','2021-03-27 14:24:35.0'),(146,'images/players/profile/','1','AqTpSA0HfJ2ru8l.png',NULL,'2021-03-27 14:24:36.0','2021-03-27 14:24:36.0'),(147,'images/players/profile/','1','yugYCbB20rm1uNu.png',NULL,'2021-03-27 14:24:36.0','2021-03-27 14:24:36.0'),(148,'images/players/profile/','1','2BF7xt4lOud8oOT.png',NULL,'2021-03-27 14:24:36.0','2021-03-27 14:24:36.0'),(149,'images/players/profile/','1','2dsYJgHYufGOZ4I.png',NULL,'2021-03-27 14:24:36.0','2021-03-27 14:24:36.0'),(150,'images/players/profile/','1','roxoKKKjrqwYOfI.png',NULL,'2021-03-27 14:24:36.0','2021-03-27 14:24:36.0'),(151,'images/players/profile/','1','7M4htbEV2rDbTDB.png',NULL,'2021-03-27 14:24:36.0','2021-03-27 14:24:36.0'),(152,'images/players/profile/','1','MUj6ebz2aUSIQtz.png',NULL,'2021-03-27 14:24:36.0','2021-03-27 14:24:36.0'),(153,'images/players/profile/','1','JFuYyQmKGMHhFvg.png',NULL,'2021-03-27 14:24:36.0','2021-03-27 14:24:36.0'),(154,'images/players/profile/','1','xyXZrgYi2ru2ShM.png',NULL,'2021-03-27 14:24:36.0','2021-03-27 14:24:36.0'),(155,'images/players/profile/','1','VC6H4n3K8MNbCPj.png',NULL,'2021-03-27 14:24:36.0','2021-03-27 14:24:36.0'),(156,'images/players/profile/','1','xtRYNzJnIJInQFM.png',NULL,'2021-03-27 14:24:36.0','2021-03-27 14:24:36.0'),(157,'images/players/profile/','1','m7MM4naakAtp0jp.png',NULL,'2021-03-27 14:24:36.0','2021-03-27 14:24:36.0'),(158,'images/players/profile/','1','E6dJuj17vRiO6kD.png',NULL,'2021-03-27 14:24:36.0','2021-03-27 14:24:36.0'),(159,'images/players/profile/','1','9KRXatGy57TKSA9.png',NULL,'2021-03-27 14:24:36.0','2021-03-27 14:24:36.0'),(160,'images/players/profile/','1','AlQvGS5cZrmwn4x.png',NULL,'2021-03-27 14:24:37.0','2021-03-27 14:24:37.0'),(161,'images/players/profile/','1','7zBqD1VD26i5BY6.png',NULL,'2021-03-27 14:24:37.0','2021-03-27 14:24:37.0'),(162,'images/players/profile/','1','IKHKJTXgIsqHLob.png',NULL,'2021-03-27 14:24:37.0','2021-03-27 14:24:37.0'),(163,'images/players/profile/','1','Kh6ITzF5RVdKKbf.png',NULL,'2021-03-27 14:24:37.0','2021-03-27 14:24:37.0'),(164,'images/players/profile/','1','FtsUxvoW67pIay9.png',NULL,'2021-03-27 14:24:37.0','2021-03-27 14:24:37.0'),(165,'images/players/profile/','1','FNPbt0xXkOCvfjP.png',NULL,'2021-03-27 14:24:37.0','2021-03-27 14:24:37.0'),(166,'images/players/profile/','1','1HDt8IfdF1dQ3cd.png',NULL,'2021-03-27 14:24:37.0','2021-03-27 14:24:37.0'),(167,'images/players/profile/','1','CGPQEBfW230ec29.png',NULL,'2021-03-27 14:24:37.0','2021-03-27 14:24:37.0'),(168,'images/players/profile/','1','R4RGGMtwAFgPT5w.png',NULL,'2021-03-27 14:24:37.0','2021-03-27 14:24:37.0'),(169,'images/players/profile/','1','sD4GEI4EJ2O323X.png',NULL,'2021-03-27 14:24:37.0','2021-03-27 14:24:37.0'),(170,'images/players/profile/','1','jlDYsKNahjRmvmk.png',NULL,'2021-03-27 14:24:37.0','2021-03-27 14:24:37.0'),(171,'images/players/profile/','1','mBG2VyeQtUFVxdX.png',NULL,'2021-03-27 14:24:37.0','2021-03-27 14:24:37.0'),(172,'images/players/profile/','1','fNP2lj0jFcM7YGY.png',NULL,'2021-03-27 14:24:37.0','2021-03-27 14:24:37.0'),(173,'images/players/profile/','1','bIkQ9PoEWkGCinA.png',NULL,'2021-03-27 14:24:37.0','2021-03-27 14:24:37.0'),(174,'images/players/profile/','1','MJ3HgFon9WfhpJf.png',NULL,'2021-03-27 14:24:37.0','2021-03-27 14:24:37.0'),(175,'images/players/profile/','1','SfutMEJGaVMC3Pt.png',NULL,'2021-03-27 14:24:37.0','2021-03-27 14:24:37.0'),(176,'images/players/profile/','1','z0KNH0joSwOBLaF.png',NULL,'2021-03-27 14:24:38.0','2021-03-27 14:24:38.0'),(177,'images/players/profile/','1','lne9CXhgBuMELgr.png',NULL,'2021-03-27 14:24:38.0','2021-03-27 14:24:38.0'),(178,'images/players/profile/','1','9ws4rq4gpgZJu5V.png',NULL,'2021-03-27 14:24:38.0','2021-03-27 14:24:38.0'),(179,'images/players/profile/','1','cukEaRBr3i7GLpJ.png',NULL,'2021-03-27 14:24:38.0','2021-03-27 14:24:38.0'),(180,'images/players/profile/','1','fqqRKli0p6awgsq.png',NULL,'2021-03-27 14:24:38.0','2021-03-27 14:24:38.0'),(181,'images/players/profile/','1','SoN3FYD6ZRJOSwD.png',NULL,'2021-03-27 14:24:38.0','2021-03-27 14:24:38.0'),(182,'images/players/profile/','1','E76FWsoYZOYxZ72.png',NULL,'2021-03-27 14:24:38.0','2021-03-27 14:24:38.0'),(183,'images/players/profile/','1','ZFFqDy6mMENGoPv.png',NULL,'2021-03-27 14:24:38.0','2021-03-27 14:24:38.0'),(184,'images/players/profile/','1','Fg6Y8noN553ZS8F.png',NULL,'2021-03-27 14:24:38.0','2021-03-27 14:24:38.0'),(185,'images/players/profile/','1','te8aZWMvl62M8Zs.png',NULL,'2021-03-27 14:24:38.0','2021-03-27 14:24:38.0'),(186,'images/players/profile/','1','2LLroYZPKU7meEr.png',NULL,'2021-03-27 14:24:38.0','2021-03-27 14:24:38.0'),(187,'images/players/profile/','1','LphpTDDcVypxqbI.png',NULL,'2021-03-27 14:24:38.0','2021-03-27 14:24:38.0'),(188,'images/players/profile/','1','Yh2anICOvlHSJW2.png',NULL,'2021-03-27 14:24:38.0','2021-03-27 14:24:38.0'),(189,'images/players/profile/','1','pBoDX8ZhqrQnVSP.png',NULL,'2021-03-27 14:24:38.0','2021-03-27 14:24:38.0'),(190,'images/players/profile/','1','N7xPoNNBN1TDNuX.png',NULL,'2021-03-27 14:24:38.0','2021-03-27 14:24:38.0'),(191,'images/players/profile/','1','HkYhe068MIXluNr.png',NULL,'2021-03-27 14:24:38.0','2021-03-27 14:24:38.0'),(192,'images/players/profile/','1','VVDNRg2DjXuz9Ti.png',NULL,'2021-03-27 14:24:39.0','2021-03-27 14:24:39.0'),(193,'images/players/profile/','1','q7EFFO6CS6Ag07C.png',NULL,'2021-03-27 14:24:39.0','2021-03-27 14:24:39.0'),(194,'images/players/profile/','1','vC378EOkNfm8BqS.png',NULL,'2021-03-27 14:24:39.0','2021-03-27 14:24:39.0'),(195,'images/players/profile/','1','3gAGlxNmupCtDbl.png',NULL,'2021-03-27 14:24:39.0','2021-03-27 14:24:39.0'),(196,'images/players/profile/','1','fH8GpydMwKV8ZsJ.png',NULL,'2021-03-27 14:24:39.0','2021-03-27 14:24:39.0'),(197,'images/players/profile/','1','WVQoDjPtGAr52Wb.png',NULL,'2021-03-27 14:24:39.0','2021-03-27 14:24:39.0'),(198,'images/players/profile/','1','tUOZQyXLRFMZS1e.png',NULL,'2021-03-27 14:24:39.0','2021-03-27 14:24:39.0'),(199,'images/players/profile/','1','fbp2AI9iVbrW8ZW.png',NULL,'2021-03-27 14:24:39.0','2021-03-27 14:24:39.0'),(200,'images/players/profile/','1','wkFg70Qw6LfBoMc.png',NULL,'2021-03-27 14:24:39.0','2021-03-27 14:24:39.0'),(201,'images/players/profile/','1','ZJNm7t4jxCVyAx8.png',NULL,'2021-03-27 14:24:39.0','2021-03-27 14:24:39.0'),(202,'images/players/profile/','1','9SpGCd153K1PYXp.png',NULL,'2021-03-27 14:24:39.0','2021-03-27 14:24:39.0'),(203,'images/players/profile/','1','7XvbASKpfxUtSPs.png',NULL,'2021-03-27 14:24:39.0','2021-03-27 14:24:39.0'),(204,'images/players/profile/','1','bHbjcGic4vSUfLq.png',NULL,'2021-03-27 14:24:40.0','2021-03-27 14:24:40.0'),(205,'images/players/profile/','1','OkvkUS34WsfHXYQ.png',NULL,'2021-03-27 14:24:40.0','2021-03-27 14:24:40.0'),(206,'images/players/profile/','1','CMzWvKlLgrp17lf.png',NULL,'2021-03-27 14:24:40.0','2021-03-27 14:24:40.0'),(207,'images/players/profile/','1','BDZ9q9FYOc41M57.png',NULL,'2021-03-27 14:24:40.0','2021-03-27 14:24:40.0'),(208,'images/players/profile/','1','2YISqviO71NgPHT.png',NULL,'2021-03-27 14:24:40.0','2021-03-27 14:24:40.0'),(209,'images/players/profile/','1','9x86KhN7ibvfmug.png',NULL,'2021-03-27 14:24:40.0','2021-03-27 14:24:40.0'),(210,'images/players/profile/','1','l4pqiyzVpknShbP.png',NULL,'2021-03-27 14:24:40.0','2021-03-27 14:24:40.0'),(211,'images/players/profile/','1','0p6XpoSQFKi0R4X.png',NULL,'2021-03-27 14:24:40.0','2021-03-27 14:24:40.0'),(212,'images/players/profile/','1','tDUmNPfmLDgFtGm.png',NULL,'2021-03-27 14:24:40.0','2021-03-27 14:24:40.0'),(213,'images/players/profile/','1','M4NxtpdOoY1m8XY.png',NULL,'2021-03-27 14:24:40.0','2021-03-27 14:24:40.0'),(214,'images/players/profile/','1','8kulDobL730OtBr.png',NULL,'2021-03-27 14:24:40.0','2021-03-27 14:24:40.0'),(215,'images/players/profile/','1','QOJycQCxdsjefkR.png',NULL,'2021-03-27 14:24:40.0','2021-03-27 14:24:40.0'),(216,'images/players/profile/','1','dfZ1DgV6Og57S8C.png',NULL,'2021-03-27 14:24:40.0','2021-03-27 14:24:40.0'),(217,'images/players/profile/','1','EAqvjoL2fhC950Z.png',NULL,'2021-03-27 14:24:40.0','2021-03-27 14:24:40.0'),(218,'images/players/profile/','1','mtWOdJPJeypLbrX.png',NULL,'2021-03-27 14:24:40.0','2021-03-27 14:24:40.0'),(219,'images/players/profile/','1','iIMLGXCSm13HD6M.png',NULL,'2021-03-27 14:24:41.0','2021-03-27 14:24:41.0'),(220,'images/players/profile/','1','YBVpsCdX0vAuthE.png',NULL,'2021-03-27 14:24:41.0','2021-03-27 14:24:41.0'),(221,'images/players/profile/','1','uuTvMTaQjsdJtXg.png',NULL,'2021-03-27 14:24:41.0','2021-03-27 14:24:41.0'),(222,'images/players/profile/','1','E3v58EokALgjamm.png',NULL,'2021-03-27 14:24:41.0','2021-03-27 14:24:41.0'),(223,'images/players/profile/','1','mMtLsoeibpuJQE4.png',NULL,'2021-03-27 14:24:41.0','2021-03-27 14:24:41.0'),(224,'images/players/profile/','1','iMaS2lxn8PJKaZv.png',NULL,'2021-03-27 14:24:41.0','2021-03-27 14:24:41.0'),(225,'images/players/profile/','1','uAWNQ9CFiczK4my.png',NULL,'2021-03-27 14:24:41.0','2021-03-27 14:24:41.0'),(226,'images/players/profile/','1','lqXqaGgXe6ej3NI.png',NULL,'2021-03-27 14:24:41.0','2021-03-27 14:24:41.0'),(227,'images/players/profile/','1','mc6rggEcQZpc2dm.png',NULL,'2021-03-27 14:24:41.0','2021-03-27 14:24:41.0'),(228,'images/players/profile/','1','6ciaBSd8iewpQXF.png',NULL,'2021-03-27 14:24:41.0','2021-03-27 14:24:41.0'),(229,'images/players/profile/','1','HDS3YiFZ627PRMM.png',NULL,'2021-03-27 14:24:41.0','2021-03-27 14:24:41.0'),(230,'images/players/profile/','1','1q4s15tK0mApQhl.png',NULL,'2021-03-27 14:24:41.0','2021-03-27 14:24:41.0'),(231,'images/players/profile/','1','vhWFfot9us3HiEZ.png',NULL,'2021-03-27 14:24:41.0','2021-03-27 14:24:41.0'),(232,'images/players/profile/','1','LuX5ljjTW3rJjeZ.png',NULL,'2021-03-27 14:24:41.0','2021-03-27 14:24:41.0'),(233,'images/players/profile/','1','I5095SXvdu9IOrg.png',NULL,'2021-03-27 14:24:41.0','2021-03-27 14:24:41.0'),(234,'images/players/profile/','1','tS0yy4CaLuacvTo.png',NULL,'2021-03-27 14:24:41.0','2021-03-27 14:24:41.0'),(235,'images/players/profile/','1','Y40IdZ0k1DfX6xb.png',NULL,'2021-03-27 14:24:41.0','2021-03-27 14:24:41.0'),(236,'images/players/profile/','1','PgleGxNhr0UuuMk.png',NULL,'2021-03-27 14:24:42.0','2021-03-27 14:24:42.0'),(237,'images/players/profile/','1','Amq0nGtxcRwHOyY.png',NULL,'2021-03-27 14:24:42.0','2021-03-27 14:24:42.0'),(238,'images/players/profile/','1','s6RJuHT1sA1bRNE.png',NULL,'2021-03-27 14:24:42.0','2021-03-27 14:24:42.0'),(239,'images/players/profile/','1','R0ATEjGdTb11oSF.png',NULL,'2021-03-27 14:24:42.0','2021-03-27 14:24:42.0'),(240,'images/players/profile/','1','KGLles03y9vznxz.png',NULL,'2021-03-27 14:24:42.0','2021-03-27 14:24:42.0'),(241,'images/players/profile/','1','avlh6Aj7Nq328AG.png',NULL,'2021-03-27 14:24:42.0','2021-03-27 14:24:42.0'),(242,'images/players/profile/','1','yGLPWtiHk1jlYNn.png',NULL,'2021-03-27 14:24:42.0','2021-03-27 14:24:42.0'),(243,'images/players/profile/','1','HKAMkW0u0Rruv3H.png',NULL,'2021-03-27 14:24:42.0','2021-03-27 14:24:42.0'),(244,'images/players/profile/','1','59rgtvBIFdwem83.png',NULL,'2021-03-27 14:24:42.0','2021-03-27 14:24:42.0'),(245,'images/players/profile/','1','pLnAFCZfbTQRSQh.png',NULL,'2021-03-27 14:24:42.0','2021-03-27 14:24:42.0'),(246,'images/players/profile/','1','qYtiirmbdwtYJgY.png',NULL,'2021-03-27 14:24:42.0','2021-03-27 14:24:42.0'),(247,'images/players/profile/','1','VRI9Pnw6sK4cZba.png',NULL,'2021-03-27 14:24:42.0','2021-03-27 14:24:42.0'),(248,'images/players/profile/','1','nIb3eHO8v7V1VPl.png',NULL,'2021-03-27 14:24:42.0','2021-03-27 14:24:42.0'),(249,'images/players/profile/','1','odK8cQd6kGEQ1Yb.png',NULL,'2021-03-27 14:24:42.0','2021-03-27 14:24:42.0'),(250,'images/players/profile/','1','k4juTqkXBBWHFbp.png',NULL,'2021-03-27 14:24:43.0','2021-03-27 14:24:43.0'),(251,'images/players/profile/','1','XXdkGf31TFtQaiS.png',NULL,'2021-03-27 14:24:43.0','2021-03-27 14:24:43.0'),(252,'images/players/profile/','1','9ZqJxLXVO2Plvgu.png',NULL,'2021-03-27 14:24:43.0','2021-03-27 14:24:43.0'),(253,'images/players/profile/','1','1L37nJwq50qfwj1.png',NULL,'2021-03-27 14:24:43.0','2021-03-27 14:24:43.0'),(254,'images/players/profile/','1','6MxsC7NmvhDsRUk.png',NULL,'2021-03-27 14:24:43.0','2021-03-27 14:24:43.0'),(255,'images/players/profile/','1','Cdd61z56HsqFknS.png',NULL,'2021-03-27 14:24:43.0','2021-03-27 14:24:43.0'),(256,'images/players/profile/','1','N7yQGWUrCNrFrMP.png',NULL,'2021-03-27 14:24:43.0','2021-03-27 14:24:43.0'),(257,'images/players/profile/','1','ng8k94xEcHcK1hk.png',NULL,'2021-03-27 14:24:43.0','2021-03-27 14:24:43.0'),(258,'images/players/profile/','1','llKNqGkpp2hRhUX.png',NULL,'2021-03-27 14:24:43.0','2021-03-27 14:24:43.0'),(259,'images/players/profile/','1','lwphPjyvvTz9PoH.png',NULL,'2021-03-27 14:24:43.0','2021-03-27 14:24:43.0'),(260,'images/players/profile/','1','Rn9TEFKonOaeqKX.png',NULL,'2021-03-27 14:24:43.0','2021-03-27 14:24:43.0'),(261,'images/players/profile/','1','O6SFSGlWKf82dnP.png',NULL,'2021-03-27 14:24:43.0','2021-03-27 14:24:43.0'),(262,'images/players/profile/','1','0mJcMgbdS4DoDgW.png',NULL,'2021-03-27 14:24:43.0','2021-03-27 14:24:43.0'),(263,'images/players/profile/','1','LCjp1p3c0XfMhJ3.png',NULL,'2021-03-27 14:24:43.0','2021-03-27 14:24:43.0'),(264,'images/players/profile/','1','t6x1iqTI744G4Y8.png',NULL,'2021-03-27 14:24:43.0','2021-03-27 14:24:43.0'),(265,'images/players/profile/','1','cdx5Uk4B89WVamX.png',NULL,'2021-03-27 14:24:43.0','2021-03-27 14:24:43.0'),(266,'images/players/profile/','1','yT0ni8hxneaa5Or.png',NULL,'2021-03-27 14:24:43.0','2021-03-27 14:24:43.0'),(267,'images/players/profile/','1','dzA1m2PdDVXS9YK.png',NULL,'2021-03-27 14:24:43.0','2021-03-27 14:24:43.0'),(268,'images/players/profile/','1','cnKs0u8lO2wPj7D.png',NULL,'2021-03-27 14:24:44.0','2021-03-27 14:24:44.0'),(269,'images/players/profile/','1','K9SkqC8r6L3mmF0.png',NULL,'2021-03-27 14:24:44.0','2021-03-27 14:24:44.0'),(270,'images/players/profile/','1','WcsHcy2dQcq1hMc.png',NULL,'2021-03-27 14:24:44.0','2021-03-27 14:24:44.0'),(271,'images/players/profile/','1','NbyAlGVBQnp0beo.png',NULL,'2021-03-27 14:24:44.0','2021-03-27 14:24:44.0'),(272,'images/players/profile/','1','mVwtGIly5uQrcOg.png',NULL,'2021-03-27 14:24:44.0','2021-03-27 14:24:44.0'),(273,'images/players/profile/','1','Z2Opm825W0f1xGl.png',NULL,'2021-03-27 14:24:44.0','2021-03-27 14:24:44.0'),(274,'images/players/profile/','1','fvyD9fvAIL3xzhT.png',NULL,'2021-03-27 14:24:44.0','2021-03-27 14:24:44.0'),(275,'images/players/profile/','1','C0TBUKJFq9Pw3R8.png',NULL,'2021-03-27 14:24:44.0','2021-03-27 14:24:44.0'),(276,'images/players/profile/','1','JBNhvoDvusgKRl2.png',NULL,'2021-03-27 14:24:44.0','2021-03-27 14:24:44.0'),(277,'images/players/profile/','1','k5Wcbw2Z3tIdXmv.png',NULL,'2021-03-27 14:24:44.0','2021-03-27 14:24:44.0'),(278,'images/players/profile/','1','3VutJvzj4eNwRRJ.png',NULL,'2021-03-27 14:24:44.0','2021-03-27 14:24:44.0'),(279,'images/players/profile/','1','HXsmwzKsc6cX2xn.png',NULL,'2021-03-27 14:24:44.0','2021-03-27 14:24:44.0'),(280,'images/players/profile/','1','3gPy2mNqkraCKyM.png',NULL,'2021-03-27 14:24:45.0','2021-03-27 14:24:45.0'),(281,'images/players/profile/','1','95tHxkZeuSe5Qkq.png',NULL,'2021-03-27 14:24:45.0','2021-03-27 14:24:45.0'),(282,'images/players/profile/','1','3q5ig3QykD2E9hi.png',NULL,'2021-03-27 14:24:45.0','2021-03-27 14:24:45.0'),(283,'images/players/profile/','1','jfDOegaMvAPKcw7.png',NULL,'2021-03-27 14:24:45.0','2021-03-27 14:24:45.0'),(284,'images/players/profile/','1','6r1zodX6neOsc7d.png',NULL,'2021-03-27 14:24:45.0','2021-03-27 14:24:45.0'),(285,'images/players/profile/','1','GU0cLwd67tctWIS.png',NULL,'2021-03-27 14:24:45.0','2021-03-27 14:24:45.0'),(286,'images/players/profile/','1','EIY3NpBk7ym7vGG.png',NULL,'2021-03-27 14:24:45.0','2021-03-27 14:24:45.0'),(287,'images/players/profile/','1','gZJdhhKx5YDQVkk.png',NULL,'2021-03-27 14:24:45.0','2021-03-27 14:24:45.0'),(288,'images/players/profile/','1','wHux6JbUVbZamjf.png',NULL,'2021-03-27 14:24:45.0','2021-03-27 14:24:45.0'),(289,'images/players/profile/','1','JyMZWd3nWmt2sDK.png',NULL,'2021-03-27 14:24:45.0','2021-03-27 14:24:45.0'),(290,'images/players/profile/','1','mwHVZwPy8IlVYYe.png',NULL,'2021-03-27 14:24:45.0','2021-03-27 14:24:45.0'),(291,'images/players/profile/','1','mjcHQUTONlFL23a.png',NULL,'2021-03-27 14:24:45.0','2021-03-27 14:24:45.0'),(292,'images/players/profile/','1','URjdARCiOzLskMG.png',NULL,'2021-03-27 14:24:45.0','2021-03-27 14:24:45.0'),(293,'images/players/profile/','1','Zjxfd5yyxaykW1D.png',NULL,'2021-03-27 14:24:45.0','2021-03-27 14:24:45.0'),(294,'images/players/profile/','1','z8JVYrJjqyNAQFO.png',NULL,'2021-03-27 14:24:45.0','2021-03-27 14:24:45.0'),(295,'images/players/profile/','1','QQsfzaJRxwYb5Dk.png',NULL,'2021-03-27 14:24:45.0','2021-03-27 14:24:45.0'),(296,'images/players/profile/','1','OREZXqFKJ9qHd0P.png',NULL,'2021-03-27 14:24:45.0','2021-03-27 14:24:45.0'),(297,'images/players/profile/','1','ize8SH7jBOpuugr.png',NULL,'2021-03-27 14:24:46.0','2021-03-27 14:24:46.0'),(298,'images/players/profile/','1','unGomDIxRqm6vwn.png',NULL,'2021-03-27 14:24:46.0','2021-03-27 14:24:46.0'),(299,'images/players/profile/','1','X10dlqcoQzqubhi.png',NULL,'2021-03-27 14:24:46.0','2021-03-27 14:24:46.0'),(300,'images/players/profile/','1','bQppQRzJzXLs8Zg.png',NULL,'2021-03-27 14:24:46.0','2021-03-27 14:24:46.0'),(301,'images/players/profile/','1','ldr8Bm9Sw2M93wA.png',NULL,'2021-03-27 14:24:46.0','2021-03-27 14:24:46.0'),(302,'images/players/profile/','1','AKC1YYYmdBGfjp0.png',NULL,'2021-03-27 14:24:46.0','2021-03-27 14:24:46.0'),(303,'images/players/profile/','1','jYhbozK9cQR1YeF.png',NULL,'2021-03-27 14:24:46.0','2021-03-27 14:24:46.0'),(304,'images/players/profile/','1','FMxGeAw2aEQOSrf.png',NULL,'2021-03-27 14:24:46.0','2021-03-27 14:24:46.0'),(305,'images/players/profile/','1','bDQyHP9MaBCHjYD.png',NULL,'2021-03-27 14:24:46.0','2021-03-27 14:24:46.0'),(306,'images/players/profile/','1','Jf7T0uT4vP75EyT.png',NULL,'2021-03-27 14:24:46.0','2021-03-27 14:24:46.0'),(307,'images/players/profile/','1','aONJNrVJgGaMhvP.png',NULL,'2021-03-27 14:24:46.0','2021-03-27 14:24:46.0'),(308,'images/players/profile/','1','BPdKcdVhO6a0K0w.png',NULL,'2021-03-27 14:24:46.0','2021-03-27 14:24:46.0'),(309,'images/players/profile/','1','YuMZreNRSLj4bWS.png',NULL,'2021-03-27 14:24:46.0','2021-03-27 14:24:46.0'),(310,'images/players/profile/','1','6imVCf3OIoPDLmW.png',NULL,'2021-03-27 14:24:46.0','2021-03-27 14:24:46.0'),(311,'images/players/profile/','1','Hp4zgK19uzvwAT8.png',NULL,'2021-03-27 14:24:47.0','2021-03-27 14:24:47.0'),(312,'images/players/profile/','1','YtnOCuTvXbevZSV.png',NULL,'2021-03-27 14:24:47.0','2021-03-27 14:24:47.0'),(313,'images/players/profile/','1','6Oefg8kyiZd8ROF.png',NULL,'2021-03-27 14:24:47.0','2021-03-27 14:24:47.0'),(314,'images/players/profile/','1','sOCbjJQ9qsTfuH5.png',NULL,'2021-03-27 14:24:47.0','2021-03-27 14:24:47.0'),(315,'images/players/profile/','1','bZ6bBzxBFdBOpDt.png',NULL,'2021-03-27 14:24:47.0','2021-03-27 14:24:47.0'),(316,'images/players/profile/','1','btYWtH5TROgBthQ.png',NULL,'2021-03-27 14:24:47.0','2021-03-27 14:24:47.0'),(317,'images/players/profile/','1','N3bxLtShWhDZaMU.png',NULL,'2021-03-27 14:24:47.0','2021-03-27 14:24:47.0'),(318,'images/players/profile/','1','zMAjY3NVnY2X39Q.png',NULL,'2021-03-27 14:24:47.0','2021-03-27 14:24:47.0'),(319,'images/players/profile/','1','N4nPyFGnc4WSp0Y.png',NULL,'2021-03-27 14:24:47.0','2021-03-27 14:24:47.0'),(320,'images/players/profile/','1','bOaO22iXf2nRbMS.png',NULL,'2021-03-27 14:24:47.0','2021-03-27 14:24:47.0'),(321,'images/players/profile/','1','VT2tco6iIl1xZwX.png',NULL,'2021-03-27 14:24:47.0','2021-03-27 14:24:47.0'),(322,'images/players/profile/','1','y5CpDewR67IdXEI.png',NULL,'2021-03-27 14:24:47.0','2021-03-27 14:24:47.0'),(323,'images/players/profile/','1','LKv4tGNF6O2r84i.png',NULL,'2021-03-27 14:24:47.0','2021-03-27 14:24:47.0'),(324,'images/players/profile/','1','gjbGWr6yEbrPU5x.png',NULL,'2021-03-27 14:24:47.0','2021-03-27 14:24:47.0'),(325,'images/players/profile/','1','LV7OCHYmi0yROcN.png',NULL,'2021-03-27 14:24:48.0','2021-03-27 14:24:48.0'),(326,'images/players/profile/','1','m0PpWf3EC9I5Pvq.png',NULL,'2021-03-27 14:24:48.0','2021-03-27 14:24:48.0'),(327,'images/players/profile/','1','FIp6U33QHKjFI85.png',NULL,'2021-03-27 14:24:48.0','2021-03-27 14:24:48.0'),(328,'images/players/profile/','1','g7UulpvtescppKo.png',NULL,'2021-03-27 14:24:48.0','2021-03-27 14:24:48.0'),(329,'images/players/profile/','1','pfjyIbv35NoMDlF.png',NULL,'2021-03-27 14:24:48.0','2021-03-27 14:24:48.0'),(330,'images/players/profile/','1','bbejJicsljBchCS.png',NULL,'2021-03-27 14:24:48.0','2021-03-27 14:24:48.0'),(331,'images/players/profile/','1','OHUbSByIxIxYgM5.png',NULL,'2021-03-27 14:24:48.0','2021-03-27 14:24:48.0'),(332,'images/players/profile/','1','SH4PmH8FpD1KhCL.png',NULL,'2021-03-27 14:24:48.0','2021-03-27 14:24:48.0'),(333,'images/players/profile/','1','9XxgMCcvwTqe5kZ.png',NULL,'2021-03-27 14:24:48.0','2021-03-27 14:24:48.0'),(334,'images/players/profile/','1','189mmqta3pnajnu.png',NULL,'2021-03-27 14:24:48.0','2021-03-27 14:24:48.0'),(335,'images/players/profile/','1','R2AnC8LeKz2diNU.png',NULL,'2021-03-27 14:24:48.0','2021-03-27 14:24:48.0'),(336,'images/players/profile/','1','MjOyaiGsT9b9m2e.png',NULL,'2021-03-27 14:24:48.0','2021-03-27 14:24:48.0'),(337,'images/players/profile/','1','AApQO8wo8MBonZh.png',NULL,'2021-03-27 14:24:48.0','2021-03-27 14:24:48.0'),(338,'images/players/profile/','1','40OaX0yV0jORG9w.png',NULL,'2021-03-27 14:24:48.0','2021-03-27 14:24:48.0'),(339,'images/players/profile/','1','kXhBvrZzrIfq7Pe.png',NULL,'2021-03-27 14:24:48.0','2021-03-27 14:24:48.0'),(340,'images/players/profile/','1','jCxdKUrOFHpJYSL.png',NULL,'2021-03-27 14:24:48.0','2021-03-27 14:24:48.0'),(341,'images/players/profile/','1','KyGkIZViVpjiSV9.png',NULL,'2021-03-27 14:24:48.0','2021-03-27 14:24:48.0'),(342,'images/players/profile/','1','tju73OeMEOsEguT.png',NULL,'2021-03-27 14:24:48.0','2021-03-27 14:24:48.0'),(343,'images/players/profile/','1','6J6S7KHVDioHcfe.png',NULL,'2021-03-27 14:24:49.0','2021-03-27 14:24:49.0'),(344,'images/players/profile/','1','qSuLwILnAylW2yB.png',NULL,'2021-03-27 14:24:49.0','2021-03-27 14:24:49.0'),(345,'images/players/profile/','1','sUMd3U8W9LddxJo.png',NULL,'2021-03-27 14:24:49.0','2021-03-27 14:24:49.0'),(346,'images/players/profile/','1','t4dAmXiHX34NtXm.png',NULL,'2021-03-27 14:24:49.0','2021-03-27 14:24:49.0'),(347,'images/players/profile/','1','8i75ivIhbpQejkV.png',NULL,'2021-03-27 14:24:49.0','2021-03-27 14:24:49.0'),(348,'images/players/profile/','1','4Y3p2NBwZ4Eso5r.png',NULL,'2021-03-27 14:24:49.0','2021-03-27 14:24:49.0'),(349,'images/players/profile/','1','FRys4FLkxhCgS4k.png',NULL,'2021-03-27 14:24:49.0','2021-03-27 14:24:49.0'),(350,'images/players/profile/','1','PCRdpsScIqRddim.png',NULL,'2021-03-27 14:24:49.0','2021-03-27 14:24:49.0'),(351,'images/players/profile/','1','xJ11xThKOpbHI0g.png',NULL,'2021-03-27 14:24:49.0','2021-03-27 14:24:49.0'),(352,'images/players/profile/','1','IGaoxpBVl8CH1f9.png',NULL,'2021-03-27 14:24:49.0','2021-03-27 14:24:49.0'),(353,'images/players/profile/','1','Y6YJFyPbgxslohv.png',NULL,'2021-03-27 14:24:49.0','2021-03-27 14:24:49.0'),(354,'images/players/profile/','1','tv2iEarPooL6I7n.png',NULL,'2021-03-27 14:24:49.0','2021-03-27 14:24:49.0'),(355,'images/players/profile/','1','zfHwgbmwhqcVD4W.png',NULL,'2021-03-27 14:24:50.0','2021-03-27 14:24:50.0'),(356,'images/players/profile/','1','tr1nbBl1OmUVVoo.png',NULL,'2021-03-27 14:24:50.0','2021-03-27 14:24:50.0'),(357,'images/players/profile/','1','VEl4smFIaD7GRbY.png',NULL,'2021-03-27 14:24:50.0','2021-03-27 14:24:50.0'),(358,'images/players/profile/','1','GFGyzalQWXm1bh4.png',NULL,'2021-03-27 14:24:50.0','2021-03-27 14:24:50.0'),(359,'images/players/profile/','1','NPBJHDuGWb6NmIi.png',NULL,'2021-03-27 14:24:50.0','2021-03-27 14:24:50.0'),(360,'images/players/profile/','1','FsOkVzssHxmRnrt.png',NULL,'2021-03-27 14:24:50.0','2021-03-27 14:24:50.0'),(361,'images/players/profile/','1','J15nOFJL8rqXT7L.png',NULL,'2021-03-27 14:24:50.0','2021-03-27 14:24:50.0'),(362,'images/players/profile/','1','fJNXKsmjt0Shyco.png',NULL,'2021-03-27 14:24:50.0','2021-03-27 14:24:50.0'),(363,'images/players/profile/','1','kFnXerDCtKhvSjM.png',NULL,'2021-03-27 14:24:50.0','2021-03-27 14:24:50.0'),(364,'images/players/profile/','1','Sr7LCBsawuFu9o9.png',NULL,'2021-03-27 14:24:50.0','2021-03-27 14:24:50.0'),(365,'images/players/profile/','1','8DfDqcoDaeZL59Z.png',NULL,'2021-03-27 14:24:50.0','2021-03-27 14:24:50.0'),(366,'images/players/profile/','1','BYUkF8RBrdXHzNZ.png',NULL,'2021-03-27 14:24:50.0','2021-03-27 14:24:50.0'),(367,'images/players/profile/','1','zlQPoCrtHDmDNwa.png',NULL,'2021-03-27 14:24:50.0','2021-03-27 14:24:50.0'),(368,'images/players/profile/','1','gF4SlqlrbsRgu6S.png',NULL,'2021-03-27 14:24:50.0','2021-03-27 14:24:50.0'),(369,'images/players/profile/','1','E70BAj6Z7TaDARs.png',NULL,'2021-03-27 14:24:50.0','2021-03-27 14:24:50.0'),(370,'images/players/profile/','1','QUc7BFtHrhl363P.png',NULL,'2021-03-27 14:24:50.0','2021-03-27 14:24:50.0'),(371,'images/players/profile/','1','zaP1ML7SJXMEKIE.png',NULL,'2021-03-27 14:24:50.0','2021-03-27 14:24:50.0'),(372,'images/players/profile/','1','7hZK0oziJ754Ypz.png',NULL,'2021-03-27 14:24:50.0','2021-03-27 14:24:50.0'),(373,'images/players/profile/','1','q0sEf8dzH7t3aRU.png',NULL,'2021-03-27 14:24:51.0','2021-03-27 14:24:51.0'),(374,'images/players/profile/','1','iYbbHbMhYVEXSsi.png',NULL,'2021-03-27 14:24:51.0','2021-03-27 14:24:51.0'),(375,'images/players/profile/','1','1sjEoeB61XU8khe.png',NULL,'2021-03-27 14:24:51.0','2021-03-27 14:24:51.0'),(376,'images/players/profile/','1','0t9EkxErfWIcBgH.png',NULL,'2021-03-27 14:24:51.0','2021-03-27 14:24:51.0'),(377,'images/players/profile/','1','F9MOvbXmNTdYLHf.png',NULL,'2021-03-27 14:24:51.0','2021-03-27 14:24:51.0'),(378,'images/players/profile/','1','RKso0vVRQp9Wuv8.png',NULL,'2021-03-27 14:24:51.0','2021-03-27 14:24:51.0'),(379,'images/players/profile/','1','lNvmnKmL7GGaslq.png',NULL,'2021-03-27 14:24:51.0','2021-03-27 14:24:51.0'),(380,'images/players/profile/','1','XBS0KwDRYlOVxY1.png',NULL,'2021-03-27 14:24:51.0','2021-03-27 14:24:51.0'),(381,'images/players/profile/','1','FjDpkBPfib6vLYx.png',NULL,'2021-03-27 14:24:51.0','2021-03-27 14:24:51.0'),(382,'images/players/profile/','1','pB6pN4xsAxe4Wl9.png',NULL,'2021-03-27 14:24:51.0','2021-03-27 14:24:51.0'),(383,'images/players/profile/','1','VUvozVVmTguTUKe.png',NULL,'2021-03-27 14:24:51.0','2021-03-27 14:24:51.0'),(384,'images/players/profile/','1','r5KhIiltMrDDACS.png',NULL,'2021-03-27 14:24:51.0','2021-03-27 14:24:51.0'),(385,'images/players/profile/','1','OrBLA6E3yRjeOJy.png',NULL,'2021-03-27 14:24:51.0','2021-03-27 14:24:51.0'),(386,'images/players/profile/','1','rn82FOO7v7uwTtQ.png',NULL,'2021-03-27 14:24:51.0','2021-03-27 14:24:51.0'),(387,'images/players/profile/','1','L85VQWHQpeUZLoR.png',NULL,'2021-03-27 14:24:51.0','2021-03-27 14:24:51.0'),(388,'images/players/profile/','1','SEpYvBOJhQof1xd.png',NULL,'2021-03-27 14:24:51.0','2021-03-27 14:24:51.0'),(389,'images/players/profile/','1','NRHQXkcnoNTVJfO.png',NULL,'2021-03-27 14:24:51.0','2021-03-27 14:24:51.0'),(390,'images/players/profile/','1','SVSMPjaqApTMQ0A.png',NULL,'2021-03-27 14:24:52.0','2021-03-27 14:24:52.0'),(391,'images/players/profile/','1','uZeNRPUE3JYJ1g0.png',NULL,'2021-03-27 14:24:52.0','2021-03-27 14:24:52.0'),(392,'images/players/profile/','1','YekjmmwkJq6Ye7m.png',NULL,'2021-03-27 14:24:52.0','2021-03-27 14:24:52.0'),(393,'images/players/profile/','1','8eaJtSvQPPKJfA2.png',NULL,'2021-03-27 14:24:52.0','2021-03-27 14:24:52.0'),(394,'images/players/profile/','1','5i7QzuEeLO17A1U.png',NULL,'2021-03-27 14:24:52.0','2021-03-27 14:24:52.0'),(395,'images/players/profile/','1','9Q1eKNsHr6G85kK.png',NULL,'2021-03-27 14:24:52.0','2021-03-27 14:24:52.0'),(396,'images/players/profile/','1','S02GOLnLF0WTTgF.png',NULL,'2021-03-27 14:24:52.0','2021-03-27 14:24:52.0'),(397,'images/players/profile/','1','8da1m9WfspbX6Rr.png',NULL,'2021-03-27 14:24:52.0','2021-03-27 14:24:52.0'),(398,'images/players/profile/','1','z34pxQUZ44uBebX.png',NULL,'2021-03-27 14:24:52.0','2021-03-27 14:24:52.0'),(399,'images/players/profile/','1','Xp9ruVceR3g5EdT.png',NULL,'2021-03-27 14:24:52.0','2021-03-27 14:24:52.0'),(400,'images/players/profile/','1','PtW5FlcTjgiloDO.png',NULL,'2021-03-27 14:24:52.0','2021-03-27 14:24:52.0'),(401,'images/players/profile/','1','QW9kwsHcpsZlybT.png',NULL,'2021-03-27 14:24:52.0','2021-03-27 14:24:52.0'),(402,'images/players/profile/','1','LocmTDqv23N8QEF.png',NULL,'2021-03-27 14:24:52.0','2021-03-27 14:24:52.0'),(403,'images/players/profile/','1','iOFwMSSMsakDILz.png',NULL,'2021-03-27 14:24:52.0','2021-03-27 14:24:52.0'),(404,'images/players/profile/','1','oDZ9eFmdWjnfk0E.png',NULL,'2021-03-27 14:24:52.0','2021-03-27 14:24:52.0'),(405,'images/players/profile/','1','IpowntWwmbcBf3v.png',NULL,'2021-03-27 14:24:52.0','2021-03-27 14:24:52.0'),(406,'images/players/profile/','1','XSYJMidJ3Nsqmi9.png',NULL,'2021-03-27 14:24:52.0','2021-03-27 14:24:52.0'),(407,'images/players/profile/','1','3GNd4DDut1b6O5Q.png',NULL,'2021-03-27 14:24:52.0','2021-03-27 14:24:52.0'),(408,'images/players/profile/','1','iDNwfGA278T5uwi.png',NULL,'2021-03-27 14:24:53.0','2021-03-27 14:24:53.0'),(409,'images/players/profile/','1','2Skq4RKeBiQs5o9.png',NULL,'2021-03-27 14:24:53.0','2021-03-27 14:24:53.0'),(410,'images/players/profile/','1','BYJF5WNO4GYU02a.png',NULL,'2021-03-27 14:24:53.0','2021-03-27 14:24:53.0'),(411,'images/players/profile/','1','kFMQoWYTMxhWiIs.png',NULL,'2021-03-27 14:24:53.0','2021-03-27 14:24:53.0'),(412,'images/players/profile/','1','wJBElEcJrmbGGzH.png',NULL,'2021-03-27 14:24:53.0','2021-03-27 14:24:53.0'),(413,'images/players/profile/','1','hrYSLg2pc7Xtctr.png',NULL,'2021-03-27 14:24:53.0','2021-03-27 14:24:53.0'),(414,'images/players/profile/','1','vAsQe0mOV3D2cad.png',NULL,'2021-03-27 14:24:53.0','2021-03-27 14:24:53.0'),(415,'images/players/profile/','1','68Wv267YJMgWJrw.png',NULL,'2021-03-27 14:24:53.0','2021-03-27 14:24:53.0'),(416,'images/players/profile/','1','QSQE66XyKmsUDoa.png',NULL,'2021-03-27 14:24:53.0','2021-03-27 14:24:53.0'),(417,'images/players/profile/','1','7CLacIEDw33UJz5.png',NULL,'2021-03-27 14:24:53.0','2021-03-27 14:24:53.0'),(418,'images/players/profile/','1','wIqmvHYlvfuuxmD.png',NULL,'2021-03-27 14:24:53.0','2021-03-27 14:24:53.0'),(419,'images/players/profile/','1','PIUIHQlDA4C4Up9.png',NULL,'2021-03-27 14:24:53.0','2021-03-27 14:24:53.0'),(420,'images/players/profile/','1','Dw4neVH7Yia08cG.png',NULL,'2021-03-27 14:24:53.0','2021-03-27 14:24:53.0'),(421,'images/players/profile/','1','VmcnAVBgYul896S.png',NULL,'2021-03-27 14:24:53.0','2021-03-27 14:24:53.0'),(422,'images/players/profile/','1','FslptFN1M2OO1ir.png',NULL,'2021-03-27 14:24:53.0','2021-03-27 14:24:53.0'),(423,'images/players/profile/','1','rBaUJFA9nM19ef6.png',NULL,'2021-03-27 14:24:53.0','2021-03-27 14:24:53.0'),(424,'images/players/profile/','1','Msq733d2t92CYBF.png',NULL,'2021-03-27 14:24:54.0','2021-03-27 14:24:54.0'),(425,'images/players/profile/','1','W399pbyCtawDY6z.png',NULL,'2021-03-27 14:24:54.0','2021-03-27 14:24:54.0'),(426,'images/players/profile/','1','BSnvohN5G1S2YLN.png',NULL,'2021-03-27 14:24:54.0','2021-03-27 14:24:54.0'),(427,'images/players/profile/','1','rRYAJD4XoquLYpT.png',NULL,'2021-03-27 14:24:54.0','2021-03-27 14:24:54.0'),(428,'images/players/profile/','1','u37L9PPKfN2tuw4.png',NULL,'2021-03-27 14:24:54.0','2021-03-27 14:24:54.0'),(429,'images/players/profile/','1','ZeUk8ZMSn3C2CyZ.png',NULL,'2021-03-27 14:24:54.0','2021-03-27 14:24:54.0'),(430,'images/players/profile/','1','UQwDWg37VtiOD8K.png',NULL,'2021-03-27 14:24:54.0','2021-03-27 14:24:54.0'),(431,'images/players/profile/','1','XO6ipjPGtMILb5s.png',NULL,'2021-03-27 14:24:54.0','2021-03-27 14:24:54.0'),(432,'images/players/profile/','1','2ylq5WKSCuJuwG7.png',NULL,'2021-03-27 14:24:54.0','2021-03-27 14:24:54.0'),(433,'images/players/profile/','1','VG9vWkhyBiTSMOm.png',NULL,'2021-03-27 14:24:54.0','2021-03-27 14:24:54.0'),(434,'images/players/profile/','1','owLH1v3YSmyfLwm.png',NULL,'2021-03-27 14:24:54.0','2021-03-27 14:24:54.0'),(435,'images/players/profile/','1','rQ4c27PFMV1MJ2C.png',NULL,'2021-03-27 14:24:54.0','2021-03-27 14:24:54.0'),(436,'images/players/profile/','1','q13tDv2XcujR3hH.png',NULL,'2021-03-27 14:24:54.0','2021-03-27 14:24:54.0'),(437,'images/players/profile/','1','bmDMcMQGTKWzkos.png',NULL,'2021-03-27 14:24:54.0','2021-03-27 14:24:54.0'),(438,'images/players/profile/','1','tsmLu5TubkmX247.png',NULL,'2021-03-27 14:24:54.0','2021-03-27 14:24:54.0'),(439,'images/players/profile/','1','kSo68jCcsYVZJBY.png',NULL,'2021-03-27 14:24:54.0','2021-03-27 14:24:54.0'),(440,'images/players/profile/','1','X9gwqkZIgRPI2FM.png',NULL,'2021-03-27 14:24:55.0','2021-03-27 14:24:55.0'),(441,'images/players/profile/','1','YU1sa6o5dSGPbCu.png',NULL,'2021-03-27 14:24:55.0','2021-03-27 14:24:55.0'),(442,'images/players/profile/','1','8ei3BWZO7vNVO1e.png',NULL,'2021-03-27 14:24:55.0','2021-03-27 14:24:55.0'),(443,'images/players/profile/','1','SzvQJ0SxhBQwUXG.png',NULL,'2021-03-27 14:24:55.0','2021-03-27 14:24:55.0'),(444,'images/players/profile/','1','cN7WPGacXsKPoX0.png',NULL,'2021-03-27 14:24:55.0','2021-03-27 14:24:55.0'),(445,'images/players/profile/','1','Ro02vTG2O8k9yUg.png',NULL,'2021-03-27 14:24:55.0','2021-03-27 14:24:55.0'),(446,'images/players/profile/','1','Ivo3KdcYBXM2ag9.png',NULL,'2021-03-27 14:24:55.0','2021-03-27 14:24:55.0'),(447,'images/players/profile/','1','tUbGrWyIwv0Dhto.png',NULL,'2021-03-27 14:24:55.0','2021-03-27 14:24:55.0'),(448,'images/players/profile/','1','Lo4zJ50Wg0ZvyrT.png',NULL,'2021-03-27 14:24:55.0','2021-03-27 14:24:55.0'),(449,'images/players/profile/','1','sL0vjaVkIQPP8Ue.png',NULL,'2021-03-27 14:24:55.0','2021-03-27 14:24:55.0'),(450,'images/players/profile/','1','7EzHP42Pe9Xw9RW.png',NULL,'2021-03-27 14:24:55.0','2021-03-27 14:24:55.0'),(451,'images/players/profile/','1','1bZDHJn0pTesRcY.png',NULL,'2021-03-27 14:24:55.0','2021-03-27 14:24:55.0'),(452,'images/players/profile/','1','aQqq1H2pJgNQbzM.png',NULL,'2021-03-27 14:24:55.0','2021-03-27 14:24:55.0'),(453,'images/players/profile/','1','D57yUIta1OWT6s5.png',NULL,'2021-03-27 14:24:55.0','2021-03-27 14:24:55.0'),(454,'images/players/profile/','1','VSfZxBCQ3jUfJnc.png',NULL,'2021-03-27 14:24:55.0','2021-03-27 14:24:55.0'),(455,'images/players/profile/','1','pBJD0XtAJ40X64E.png',NULL,'2021-03-27 14:24:56.0','2021-03-27 14:24:56.0'),(456,'images/players/profile/','1','FsMeOck0JjQNdtN.png',NULL,'2021-03-27 14:24:56.0','2021-03-27 14:24:56.0'),(457,'images/players/profile/','1','8YELlgLmrq0TKPM.png',NULL,'2021-03-27 14:24:56.0','2021-03-27 14:24:56.0'),(458,'images/players/profile/','1','k78XiYMG74RPRY1.png',NULL,'2021-03-27 14:24:56.0','2021-03-27 14:24:56.0'),(459,'images/players/profile/','1','Fbp1tjU5gc4O6Ai.png',NULL,'2021-03-27 14:24:56.0','2021-03-27 14:24:56.0'),(460,'images/players/profile/','1','EYBNOsd3kC5LAfm.png',NULL,'2021-03-27 14:24:56.0','2021-03-27 14:24:56.0'),(461,'images/players/profile/','1','V45P5JuUZniWmmS.png',NULL,'2021-03-27 14:24:56.0','2021-03-27 14:24:56.0'),(462,'images/players/profile/','1','MHvgK8oN754364Q.png',NULL,'2021-03-27 14:24:56.0','2021-03-27 14:24:56.0'),(463,'images/players/profile/','1','EfGuAekIAbH9MhS.png',NULL,'2021-03-27 14:24:56.0','2021-03-27 14:24:56.0'),(464,'images/players/profile/','1','ie66hnTGAYiGebG.png',NULL,'2021-03-27 14:24:56.0','2021-03-27 14:24:56.0'),(465,'images/players/profile/','1','e0bneC5qASGgSs6.png',NULL,'2021-03-27 14:24:56.0','2021-03-27 14:24:56.0'),(466,'images/players/profile/','1','pUtjRlyzGyEHfh8.png',NULL,'2021-03-27 14:24:56.0','2021-03-27 14:24:56.0'),(467,'images/players/profile/','1','HXu7Mo6lJ1Rb5r6.png',NULL,'2021-03-27 14:24:56.0','2021-03-27 14:24:56.0'),(468,'images/players/profile/','1','d0dt6Cy2mV55xAQ.png',NULL,'2021-03-27 14:24:56.0','2021-03-27 14:24:56.0'),(469,'images/players/profile/','1','C2VO82BoSx7vcol.png',NULL,'2021-03-27 14:24:56.0','2021-03-27 14:24:56.0'),(470,'images/players/profile/','1','6kTWtkn0S6S4W9c.png',NULL,'2021-03-27 14:24:57.0','2021-03-27 14:24:57.0'),(471,'images/players/profile/','1','YcvuBmFjhTA7fJj.png',NULL,'2021-03-27 14:24:57.0','2021-03-27 14:24:57.0'),(472,'images/players/profile/','1','9Hq0SyuoVEjlDB6.png',NULL,'2021-03-27 14:24:57.0','2021-03-27 14:24:57.0'),(473,'images/players/profile/','1','Qnk4F5bTNUN6SNS.png',NULL,'2021-03-27 14:24:57.0','2021-03-27 14:24:57.0'),(474,'images/players/profile/','1','KuYZy02Q6RjmEg7.png',NULL,'2021-03-27 14:24:57.0','2021-03-27 14:24:57.0'),(475,'images/players/profile/','1','iSUEwpvwrhTtTEJ.png',NULL,'2021-03-27 14:24:57.0','2021-03-27 14:24:57.0'),(476,'images/players/profile/','1','zKd4nRSwBjqUb4t.png',NULL,'2021-03-27 14:24:57.0','2021-03-27 14:24:57.0'),(477,'images/players/profile/','1','31bK3RQGZKlXbFj.png',NULL,'2021-03-27 14:24:57.0','2021-03-27 14:24:57.0'),(478,'images/players/profile/','1','Jwk9yf8Oz914spK.png',NULL,'2021-03-27 14:24:57.0','2021-03-27 14:24:57.0'),(479,'images/players/profile/','1','f9IJHuJNy19Z9NR.png',NULL,'2021-03-27 14:24:57.0','2021-03-27 14:24:57.0'),(480,'images/players/profile/','1','bj3SkhPbHjyYUTM.png',NULL,'2021-03-27 14:24:57.0','2021-03-27 14:24:57.0'),(481,'images/players/profile/','1','LkXfMrsGN7bZTIu.png',NULL,'2021-03-27 14:24:57.0','2021-03-27 14:24:57.0'),(482,'images/players/profile/','1','nKvFcyz6EKER6xy.png',NULL,'2021-03-27 14:24:57.0','2021-03-27 14:24:57.0'),(483,'images/players/profile/','1','TN8bqgAFYEHtKgp.png',NULL,'2021-03-27 14:24:57.0','2021-03-27 14:24:57.0'),(484,'images/players/profile/','1','lNJOKPFpTqvOLfT.png',NULL,'2021-03-27 14:24:57.0','2021-03-27 14:24:57.0'),(485,'images/players/profile/','1','xH4hkUCddohq0as.png',NULL,'2021-03-27 14:24:57.0','2021-03-27 14:24:57.0'),(486,'images/players/profile/','1','M2k8uj7UcywsLRv.png',NULL,'2021-03-27 14:24:57.0','2021-03-27 14:24:57.0'),(487,'images/players/profile/','1','NGiPAOYRnuYcRrP.png',NULL,'2021-03-27 14:24:58.0','2021-03-27 14:24:58.0'),(488,'images/players/profile/','1','j4YwidnzjF3zLEE.png',NULL,'2021-03-27 14:24:58.0','2021-03-27 14:24:58.0'),(489,'images/players/profile/','1','tgWmHjlTCtCUtbj.png',NULL,'2021-03-27 14:24:58.0','2021-03-27 14:24:58.0'),(490,'images/players/profile/','1','iuZaVq80u8j0cO4.png',NULL,'2021-03-27 14:24:58.0','2021-03-27 14:24:58.0'),(491,'images/players/profile/','1','CCOMwZ0iwF6e9E4.png',NULL,'2021-03-27 14:24:58.0','2021-03-27 14:24:58.0'),(492,'images/players/profile/','1','nv4V5hCNPsHAstp.png',NULL,'2021-03-27 14:24:58.0','2021-03-27 14:24:58.0'),(493,'images/players/profile/','1','v3CHwI7qHKMObh4.png',NULL,'2021-03-27 14:24:58.0','2021-03-27 14:24:58.0'),(494,'images/players/profile/','1','Jm3TQRlDug4Habb.png',NULL,'2021-03-27 14:24:58.0','2021-03-27 14:24:58.0'),(495,'images/players/profile/','1','WR6im5XIUMFj88c.png',NULL,'2021-03-27 14:24:58.0','2021-03-27 14:24:58.0'),(496,'images/players/profile/','1','QLpTHXGkqMylUbZ.png',NULL,'2021-03-27 14:24:58.0','2021-03-27 14:24:58.0'),(497,'images/players/profile/','1','LY01dB9SPLPSl3x.png',NULL,'2021-03-27 14:24:58.0','2021-03-27 14:24:58.0'),(498,'images/players/profile/','1','lKqlL0L0jcnyQoD.png',NULL,'2021-03-27 14:24:58.0','2021-03-27 14:24:58.0'),(499,'images/players/profile/','1','qOnTYhIp2YPEGre.png',NULL,'2021-03-27 14:24:58.0','2021-03-27 14:24:58.0'),(500,'images/players/profile/','1','krKyqnmpaZA2xbb.png',NULL,'2021-03-27 14:24:58.0','2021-03-27 14:24:58.0'),(501,'images/players/profile/','1','WFqSP0fvLacC1p2.png',NULL,'2021-03-27 14:24:58.0','2021-03-27 14:24:58.0'),(502,'images/players/profile/','1','SIoGD0DNSBeSn8U.png',NULL,'2021-03-27 14:24:58.0','2021-03-27 14:24:58.0'),(503,'images/players/profile/','1','mbQ3gHcxEuogRnP.png',NULL,'2021-03-27 14:24:59.0','2021-03-27 14:24:59.0'),(504,'images/players/profile/','1','7AjlJZUmCsiFyds.png',NULL,'2021-03-27 14:24:59.0','2021-03-27 14:24:59.0'),(505,'images/players/profile/','1','Doc69q2KivFKSG6.png',NULL,'2021-03-27 14:24:59.0','2021-03-27 14:24:59.0'),(506,'images/players/profile/','1','fJDH6QbQD87P63O.png',NULL,'2021-03-27 14:24:59.0','2021-03-27 14:24:59.0'),(507,'images/players/profile/','1','1l1P9z8wvgsfb6z.png',NULL,'2021-03-27 14:24:59.0','2021-03-27 14:24:59.0'),(508,'images/players/profile/','1','LD1VDp1Bvi5Bisz.png',NULL,'2021-03-27 14:24:59.0','2021-03-27 14:24:59.0'),(509,'images/players/profile/','1','ZZBdautYanwInSd.png',NULL,'2021-03-27 14:24:59.0','2021-03-27 14:24:59.0'),(510,'images/players/profile/','1','sxmMm8M3huXumrw.png',NULL,'2021-03-27 14:24:59.0','2021-03-27 14:24:59.0'),(511,'images/players/profile/','1','CkFsTbTSBjtywrT.png',NULL,'2021-03-27 14:24:59.0','2021-03-27 14:24:59.0'),(512,'images/players/profile/','1','4zPLyXzLjRn2KLU.png',NULL,'2021-03-27 14:24:59.0','2021-03-27 14:24:59.0'),(513,'images/players/profile/','1','aIthAn44EKqo5Db.png',NULL,'2021-03-27 14:24:59.0','2021-03-27 14:24:59.0'),(514,'images/players/profile/','1','VO786KMrkD8KVGB.png',NULL,'2021-03-27 14:25:00.0','2021-03-27 14:25:00.0'),(515,'images/players/profile/','1','KejDfOqF8wc6jDV.png',NULL,'2021-03-27 14:25:00.0','2021-03-27 14:25:00.0'),(516,'images/players/profile/','1','pP8ko6hJ95BGOpK.png',NULL,'2021-03-27 14:25:00.0','2021-03-27 14:25:00.0'),(517,'images/players/profile/','1','zR43HDvqSxMNv34.png',NULL,'2021-03-27 14:25:00.0','2021-03-27 14:25:00.0'),(518,'images/players/profile/','1','rcnRxsGfddQDuPa.png',NULL,'2021-03-27 14:25:00.0','2021-03-27 14:25:00.0'),(519,'images/players/profile/','1','NXv18yjP9MuC0ps.png',NULL,'2021-03-27 14:25:00.0','2021-03-27 14:25:00.0'),(520,'images/players/profile/','1','SjVGUYR76jwx6ib.png',NULL,'2021-03-27 14:25:00.0','2021-03-27 14:25:00.0'),(521,'images/players/profile/','1','0XA5Rz4p2wMRv25.png',NULL,'2021-03-27 14:25:00.0','2021-03-27 14:25:00.0'),(522,'images/players/profile/','1','B0wJxYHhgIyQd6i.png',NULL,'2021-03-27 14:25:00.0','2021-03-27 14:25:00.0'),(523,'images/players/profile/','1','En5AuOYFy8eWgRS.png',NULL,'2021-03-27 14:25:00.0','2021-03-27 14:25:00.0'),(524,'images/players/profile/','1','1M3ibtupxnvjevV.png',NULL,'2021-03-27 14:25:00.0','2021-03-27 14:25:00.0'),(525,'images/players/profile/','1','urHvT8vAsvkHtpr.png',NULL,'2021-03-27 14:25:00.0','2021-03-27 14:25:00.0'),(526,'images/players/profile/','1','oc3HIsuBEKd3QbK.png',NULL,'2021-03-27 14:25:00.0','2021-03-27 14:25:00.0'),(527,'images/players/profile/','1','4KMxhazGyjKEsq4.png',NULL,'2021-03-27 14:25:00.0','2021-03-27 14:25:00.0'),(528,'images/players/profile/','1','nftJDeIwABCTgKI.png',NULL,'2021-03-27 14:25:00.0','2021-03-27 14:25:00.0'),(529,'images/players/profile/','1','6aBTWhfzLD5ebsO.png',NULL,'2021-03-27 14:25:01.0','2021-03-27 14:25:01.0'),(530,'images/players/profile/','1','qP1SsCt15PmjGmA.png',NULL,'2021-03-27 14:25:01.0','2021-03-27 14:25:01.0'),(531,'images/players/profile/','1','0ZrLQwfTneHtSc4.png',NULL,'2021-03-27 14:25:01.0','2021-03-27 14:25:01.0'),(532,'images/players/profile/','1','itaUGPAF7rLoPCG.png',NULL,'2021-03-27 14:25:01.0','2021-03-27 14:25:01.0'),(533,'images/players/profile/','1','J9x8Lm2cuabFYCk.png',NULL,'2021-03-27 14:25:01.0','2021-03-27 14:25:01.0'),(534,'images/players/profile/','1','ppAv2z0678fuegR.png',NULL,'2021-03-27 14:25:01.0','2021-03-27 14:25:01.0'),(535,'images/players/profile/','1','OJqL6YFayyrnwir.png',NULL,'2021-03-27 14:25:01.0','2021-03-27 14:25:01.0'),(536,'images/players/profile/','1','XRMosCOVi6QAwIt.png',NULL,'2021-03-27 14:25:01.0','2021-03-27 14:25:01.0'),(537,'images/players/profile/','1','Qe27j7zmMGXZpcq.png',NULL,'2021-03-27 14:25:01.0','2021-03-27 14:25:01.0'),(538,'images/players/profile/','1','xundb5Smji2UvHS.png',NULL,'2021-03-27 14:25:01.0','2021-03-27 14:25:01.0'),(539,'images/players/profile/','1','7cJ6DIN25JSHFBH.png',NULL,'2021-03-27 14:25:01.0','2021-03-27 14:25:01.0'),(540,'images/players/profile/','1','tCkZkkrBjQ8b2qK.png',NULL,'2021-03-27 14:25:01.0','2021-03-27 14:25:01.0'),(541,'images/players/profile/','1','j1GsArHtER2bl5G.png',NULL,'2021-03-27 14:25:01.0','2021-03-27 14:25:01.0'),(542,'images/players/profile/','1','pzhTWiwFaKYjUip.png',NULL,'2021-03-27 14:25:01.0','2021-03-27 14:25:01.0'),(543,'images/players/profile/','1','2WjtLqtfjyfZxm9.png',NULL,'2021-03-27 14:25:01.0','2021-03-27 14:25:01.0'),(544,'images/players/profile/','1','mbBKJ8Y7k7Nsnxs.png',NULL,'2021-03-27 14:25:02.0','2021-03-27 14:25:02.0'),(545,'images/players/profile/','1','KW5biFi9nD9EfaW.png',NULL,'2021-03-27 14:25:02.0','2021-03-27 14:25:02.0'),(546,'images/players/profile/','1','Ujg8CdAhkDJ9qcZ.png',NULL,'2021-03-27 14:25:02.0','2021-03-27 14:25:02.0'),(547,'images/players/profile/','1','f0MXyJx7Na95IPl.png',NULL,'2021-03-27 14:25:02.0','2021-03-27 14:25:02.0'),(548,'images/players/profile/','1','iZEqq034dCH0Z4R.png',NULL,'2021-03-27 14:25:02.0','2021-03-27 14:25:02.0'),(549,'images/players/profile/','1','MwInHrp3HXfy9b8.png',NULL,'2021-03-27 14:25:02.0','2021-03-27 14:25:02.0'),(550,'images/players/profile/','1','ayd8KbDknaEyhaE.png',NULL,'2021-03-27 14:25:02.0','2021-03-27 14:25:02.0'),(551,'images/players/profile/','1','eQiPRhWeFlz3ZlB.png',NULL,'2021-03-27 14:25:02.0','2021-03-27 14:25:02.0'),(552,'images/players/profile/','1','GNMxx82Yo7dB7kD.png',NULL,'2021-03-27 14:25:02.0','2021-03-27 14:25:02.0'),(553,'images/players/profile/','1','GUX6RXOiDfpzHzl.png',NULL,'2021-03-27 14:25:02.0','2021-03-27 14:25:02.0'),(554,'images/players/profile/','1','wvxyNGPmv6ewofM.png',NULL,'2021-03-27 14:25:02.0','2021-03-27 14:25:02.0'),(555,'images/players/profile/','1','WsHY8sgZWaIM0vI.png',NULL,'2021-03-27 14:25:02.0','2021-03-27 14:25:02.0'),(556,'images/players/profile/','1','1kN4zYXjP4oe9j8.png',NULL,'2021-03-27 14:25:02.0','2021-03-27 14:25:02.0'),(557,'images/players/profile/','1','Ti8gg9eT0Xr8ImT.png',NULL,'2021-03-27 14:25:02.0','2021-03-27 14:25:02.0'),(558,'images/players/profile/','1','Nse1pb4A1FcxZWm.png',NULL,'2021-03-27 14:25:02.0','2021-03-27 14:25:02.0'),(559,'images/players/profile/','1','CFfBNCXWKFOBkQs.png',NULL,'2021-03-27 14:25:02.0','2021-03-27 14:25:02.0'),(560,'images/players/profile/','1','KEx24uYnWBYbc3y.png',NULL,'2021-03-27 14:25:03.0','2021-03-27 14:25:03.0'),(561,'images/players/profile/','1','28vjLeLutPSkVMa.png',NULL,'2021-03-27 14:25:03.0','2021-03-27 14:25:03.0'),(562,'images/players/profile/','1','zoGWKjPaZ1gMLsn.png',NULL,'2021-03-27 14:25:03.0','2021-03-27 14:25:03.0'),(563,'images/players/profile/','1','lcmOFOY9Reb2yFA.png',NULL,'2021-03-27 14:25:03.0','2021-03-27 14:25:03.0'),(564,'images/players/profile/','1','Za9xHghJAfI5Suc.png',NULL,'2021-03-27 14:25:03.0','2021-03-27 14:25:03.0'),(565,'images/players/profile/','1','2gUSOIp7kIiQIUb.png',NULL,'2021-03-27 14:25:03.0','2021-03-27 14:25:03.0'),(566,'images/players/profile/','1','zaW7Xh9RILIQdFh.png',NULL,'2021-03-27 14:25:03.0','2021-03-27 14:25:03.0'),(567,'images/players/profile/','1','JnHWuvqqxpKE2Rs.png',NULL,'2021-03-27 14:25:03.0','2021-03-27 14:25:03.0'),(568,'images/players/profile/','1','WXc1pZrHToj4Cdp.png',NULL,'2021-03-27 14:25:03.0','2021-03-27 14:25:03.0'),(569,'images/players/profile/','1','79q10499kVBIIdy.png',NULL,'2021-03-27 14:25:03.0','2021-03-27 14:25:03.0'),(570,'images/players/profile/','1','D2JIG1HRJXIMW7C.png',NULL,'2021-03-27 14:25:03.0','2021-03-27 14:25:03.0'),(571,'images/players/profile/','1','4jQPEE1hUrfOfks.png',NULL,'2021-03-27 14:25:03.0','2021-03-27 14:25:03.0'),(572,'images/players/profile/','1','UOUzDkmZxOfThJJ.png',NULL,'2021-03-27 14:25:03.0','2021-03-27 14:25:03.0'),(573,'images/players/profile/','1','kkQhSUZMEFRxr4R.png',NULL,'2021-03-27 14:25:03.0','2021-03-27 14:25:03.0'),(574,'images/players/profile/','1','eO2WnrfdnLDK6Bp.png',NULL,'2021-03-27 14:25:04.0','2021-03-27 14:25:04.0'),(575,'images/players/profile/','1','9m3xg9gf2xX9UN8.png',NULL,'2021-03-27 14:26:32.0','2021-03-27 14:26:32.0'),(576,'images/players/profile/','1','ZKrnVsJynWM2JVG.png',NULL,'2021-03-27 14:26:32.0','2021-03-27 14:26:32.0'),(577,'images/players/profile/','1','JQk6KZBx0uA3Wfb.png',NULL,'2021-03-27 14:26:32.0','2021-03-27 14:26:32.0'),(578,'images/players/profile/','1','Yq6eHpr1kvlzjX3.png',NULL,'2021-03-27 14:26:32.0','2021-03-27 14:26:32.0'),(579,'images/players/profile/','1','B7PbKRriEx0IGwN.png',NULL,'2021-03-27 14:26:32.0','2021-03-27 14:26:32.0'),(580,'images/players/profile/','1','DEAxpkJR6ajjvvj.png',NULL,'2021-03-27 14:26:32.0','2021-03-27 14:26:32.0'),(581,'images/players/profile/','1','LatXKGMAB8e1I3k.png',NULL,'2021-03-27 14:26:32.0','2021-03-27 14:26:32.0'),(582,'images/players/profile/','1','4CF3k4FAQOgu540.png',NULL,'2021-03-27 14:26:32.0','2021-03-27 14:26:32.0'),(583,'images/players/profile/','1','E6R3upxVPt5e0hU.png',NULL,'2021-03-27 14:26:32.0','2021-03-27 14:26:32.0'),(584,'images/players/profile/','1','WlA5kiEHMqqj8G0.png',NULL,'2021-03-27 14:26:32.0','2021-03-27 14:26:32.0'),(585,'images/players/profile/','1','UeCwq3KrPpNiyjr.png',NULL,'2021-03-27 14:26:32.0','2021-03-27 14:26:32.0'),(586,'images/players/profile/','1','9kyKhfSGtHVSdk2.png',NULL,'2021-03-27 14:26:32.0','2021-03-27 14:26:32.0'),(587,'images/players/profile/','1','uUeEr8OiN0Iv5fz.png',NULL,'2021-03-27 14:26:33.0','2021-03-27 14:26:33.0'),(588,'images/players/profile/','1','1jfuTdV3aAZSmK3.png',NULL,'2021-03-27 14:26:33.0','2021-03-27 14:26:33.0'),(589,'images/players/profile/','1','4XRAy3R81P5ms0D.png',NULL,'2021-03-27 14:26:33.0','2021-03-27 14:26:33.0'),(590,'images/players/profile/','1','5eyKNywgleBvgIy.png',NULL,'2021-03-27 14:26:33.0','2021-03-27 14:26:33.0'),(591,'images/players/profile/','1','SMTZo5NyGQprXwk.png',NULL,'2021-03-27 14:26:33.0','2021-03-27 14:26:33.0'),(592,'images/players/profile/','1','yw7Tp8qs0TcgfE7.png',NULL,'2021-03-27 14:26:33.0','2021-03-27 14:26:33.0'),(593,'images/players/profile/','1','WmKWB3EflwlFILU.png',NULL,'2021-03-27 14:26:33.0','2021-03-27 14:26:33.0'),(594,'images/players/profile/','1','kJjOUv5U4yQ3E1B.png',NULL,'2021-03-27 14:26:33.0','2021-03-27 14:26:33.0'),(595,'images/players/profile/','1','4jSRFDIR6PPFfk5.png',NULL,'2021-03-27 14:26:33.0','2021-03-27 14:26:33.0'),(596,'images/players/profile/','1','URbwVcHEMmGJTTo.png',NULL,'2021-03-27 14:26:33.0','2021-03-27 14:26:33.0'),(597,'images/players/profile/','1','x7r6TBdWBrwHJ24.png',NULL,'2021-03-27 14:26:33.0','2021-03-27 14:26:33.0'),(598,'images/players/profile/','1','cQmMF2cUd242ciQ.png',NULL,'2021-03-27 14:26:33.0','2021-03-27 14:26:33.0'),(599,'images/players/profile/','1','57xw1dfOfyRLQrI.png',NULL,'2021-03-27 14:26:33.0','2021-03-27 14:26:33.0'),(600,'images/players/profile/','1','emrzSkT7ACzdQH4.png',NULL,'2021-03-27 14:26:33.0','2021-03-27 14:26:33.0'),(601,'images/players/profile/','1','f4dtGRdBtozS8Fp.png',NULL,'2021-03-27 14:26:33.0','2021-03-27 14:26:33.0'),(602,'images/players/profile/','1','iMZ85L0H0ujYjAn.png',NULL,'2021-03-27 14:26:33.0','2021-03-27 14:26:33.0'),(603,'images/players/profile/','1','5C2a5OFcVnOLxSG.png',NULL,'2021-03-27 14:26:34.0','2021-03-27 14:26:34.0'),(604,'images/players/profile/','1','0FQRmo7rQqjGz6m.png',NULL,'2021-03-27 14:26:34.0','2021-03-27 14:26:34.0'),(605,'images/players/profile/','1','u589qXEUXRba3PL.png',NULL,'2021-03-27 14:26:34.0','2021-03-27 14:26:34.0'),(606,'images/players/profile/','1','3TgVW6BXzZN6WWm.png',NULL,'2021-03-27 14:26:34.0','2021-03-27 14:26:34.0'),(607,'images/players/profile/','1','SdNiNWEQG4n7VVj.png',NULL,'2021-03-27 14:26:34.0','2021-03-27 14:26:34.0'),(608,'images/players/profile/','1','TpL5tL7VqfrhGRa.png',NULL,'2021-03-27 14:26:34.0','2021-03-27 14:26:34.0'),(609,'images/players/profile/','1','JCfZ9CvCkOOgDWs.png',NULL,'2021-03-27 14:26:34.0','2021-03-27 14:26:34.0'),(610,'images/players/profile/','1','WNGSQully1ofPSW.png',NULL,'2021-03-27 14:26:34.0','2021-03-27 14:26:34.0'),(611,'images/players/profile/','1','YPKVx0xUqhpsFUU.png',NULL,'2021-03-27 14:26:34.0','2021-03-27 14:26:34.0'),(612,'images/players/profile/','1','bGicDLJ1u9wcIFJ.png',NULL,'2021-03-27 14:26:34.0','2021-03-27 14:26:34.0'),(613,'images/players/profile/','1','4xpRVU5TWHiZ2PS.png',NULL,'2021-03-27 14:26:34.0','2021-03-27 14:26:34.0'),(614,'images/players/profile/','1','Goi1oFtSfR3Kfk8.png',NULL,'2021-03-27 14:26:34.0','2021-03-27 14:26:34.0'),(615,'images/players/profile/','1','GMGGGBPyNgXPNnX.png',NULL,'2021-03-27 14:26:34.0','2021-03-27 14:26:34.0'),(616,'images/players/profile/','1','0JN3ytcyxQk7eAI.png',NULL,'2021-03-27 14:26:34.0','2021-03-27 14:26:34.0'),(617,'images/players/profile/','1','sP5rxDAodxdADRY.png',NULL,'2021-03-27 14:26:35.0','2021-03-27 14:26:35.0'),(618,'images/players/profile/','1','cxuVELhDP5TyHhe.png',NULL,'2021-03-27 14:26:35.0','2021-03-27 14:26:35.0'),(619,'images/players/profile/','1','jpIDStQFBCpUOwl.png',NULL,'2021-03-27 14:26:35.0','2021-03-27 14:26:35.0'),(620,'images/players/profile/','1','9sW10Ug0msWAmfe.png',NULL,'2021-03-27 14:26:35.0','2021-03-27 14:26:35.0'),(621,'images/players/profile/','1','uIUncJNBFATKAeo.png',NULL,'2021-03-27 14:26:35.0','2021-03-27 14:26:35.0'),(622,'images/players/profile/','1','OiQ3lz1ojXuIc2Q.png',NULL,'2021-03-27 14:26:35.0','2021-03-27 14:26:35.0'),(623,'images/players/profile/','1','6CM1NaVFCDDlc50.png',NULL,'2021-03-27 14:26:35.0','2021-03-27 14:26:35.0'),(624,'images/players/profile/','1','9dVLtGJYA3QzdD5.png',NULL,'2021-03-27 14:26:35.0','2021-03-27 14:26:35.0'),(625,'images/players/profile/','1','ozVacnr1RJeJqQV.png',NULL,'2021-03-27 14:26:35.0','2021-03-27 14:26:35.0'),(626,'images/players/profile/','1','wG41AP25PGKJkIn.png',NULL,'2021-03-27 14:26:35.0','2021-03-27 14:26:35.0'),(627,'images/players/profile/','1','AOFlvpeew7xukTA.png',NULL,'2021-03-27 14:26:35.0','2021-03-27 14:26:35.0'),(628,'images/players/profile/','1','9UtcITXkxtyhvBy.png',NULL,'2021-03-27 14:26:35.0','2021-03-27 14:26:35.0'),(629,'images/players/profile/','1','Ao9KoITP525PzYi.png',NULL,'2021-03-27 14:26:35.0','2021-03-27 14:26:35.0'),(630,'images/players/profile/','1','GbLnlC2wfZJTl6d.png',NULL,'2021-03-27 14:26:35.0','2021-03-27 14:26:35.0'),(631,'images/players/profile/','1','z1AxaFgPSmvReR1.png',NULL,'2021-03-27 14:26:35.0','2021-03-27 14:26:35.0'),(632,'images/players/profile/','1','F0MHhikwsS5nk6A.png',NULL,'2021-03-27 14:26:35.0','2021-03-27 14:26:35.0'),(633,'images/players/profile/','1','hfw73BGcAVAnqQ0.png',NULL,'2021-03-27 14:26:35.0','2021-03-27 14:26:35.0'),(634,'images/players/profile/','1','BrrxS4XEg9Vpiin.png',NULL,'2021-03-27 14:26:36.0','2021-03-27 14:26:36.0'),(635,'images/players/profile/','1','OVNYeIl7s3X0NTt.png',NULL,'2021-03-27 14:26:36.0','2021-03-27 14:26:36.0'),(636,'images/players/profile/','1','StsUGysRV3MSy4h.png',NULL,'2021-03-27 14:26:36.0','2021-03-27 14:26:36.0'),(637,'images/players/profile/','1','6Cdcv38LkIy5ONs.png',NULL,'2021-03-27 14:26:36.0','2021-03-27 14:26:36.0'),(638,'images/players/profile/','1','JRq17ZkgaN3Odbl.png',NULL,'2021-03-27 14:26:36.0','2021-03-27 14:26:36.0'),(639,'images/players/profile/','1','HpPc82TdDY49W5V.png',NULL,'2021-03-27 14:26:36.0','2021-03-27 14:26:36.0'),(640,'images/players/profile/','1','krmgaahyzr56BN7.png',NULL,'2021-03-27 14:26:36.0','2021-03-27 14:26:36.0'),(641,'images/players/profile/','1','GO8z22QTeUd3SGS.png',NULL,'2021-03-27 14:26:36.0','2021-03-27 14:26:36.0'),(642,'images/players/profile/','1','v4tmzffsNaowndm.png',NULL,'2021-03-27 14:26:36.0','2021-03-27 14:26:36.0'),(643,'images/players/profile/','1','b8moZLs3veuRoE7.png',NULL,'2021-03-27 14:26:36.0','2021-03-27 14:26:36.0'),(644,'images/players/profile/','1','GSSRd52QNvbYbmm.png',NULL,'2021-03-27 14:26:36.0','2021-03-27 14:26:36.0'),(645,'images/players/profile/','1','S1bnPs1n9GJJYf9.png',NULL,'2021-03-27 14:26:36.0','2021-03-27 14:26:36.0'),(646,'images/players/profile/','1','7gUAtwSgjHKTxku.png',NULL,'2021-03-27 14:26:36.0','2021-03-27 14:26:36.0'),(647,'images/players/profile/','1','3lUtiO8t9COWVzi.png',NULL,'2021-03-27 14:26:37.0','2021-03-27 14:26:37.0'),(648,'images/players/profile/','1','ev1ahYuXbsH13br.png',NULL,'2021-03-27 14:26:37.0','2021-03-27 14:26:37.0'),(649,'images/players/profile/','1','0ZUHG1vOfA4Oudy.png',NULL,'2021-03-27 14:26:37.0','2021-03-27 14:26:37.0'),(650,'images/players/profile/','1','VMOgSJ4k4ywf6gN.png',NULL,'2021-03-27 14:26:37.0','2021-03-27 14:26:37.0'),(651,'images/players/profile/','1','OwUTdP2BzW3crPe.png',NULL,'2021-03-27 14:26:37.0','2021-03-27 14:26:37.0'),(652,'images/players/profile/','1','rZDXiSyWhdgj2RZ.png',NULL,'2021-03-27 14:26:37.0','2021-03-27 14:26:37.0'),(653,'images/players/profile/','1','6eUB83t3h3twvrF.png',NULL,'2021-03-27 14:26:37.0','2021-03-27 14:26:37.0'),(654,'images/players/profile/','1','fd6vH91uTpfmlO8.png',NULL,'2021-03-27 14:26:37.0','2021-03-27 14:26:37.0'),(655,'images/players/profile/','1','17FIRKkTuuNpVsm.png',NULL,'2021-03-27 14:26:37.0','2021-03-27 14:26:37.0'),(656,'images/players/profile/','1','bMC2KEwp4JNMHhR.png',NULL,'2021-03-27 14:26:37.0','2021-03-27 14:26:37.0'),(657,'images/players/profile/','1','ZShOZ50q8xlP8yF.png',NULL,'2021-03-27 14:26:37.0','2021-03-27 14:26:37.0'),(658,'images/players/profile/','1','STrVQjVHGKpKDa4.png',NULL,'2021-03-27 14:26:37.0','2021-03-27 14:26:37.0'),(659,'images/players/profile/','1','MBTURixhiGvrxmg.png',NULL,'2021-03-27 14:26:37.0','2021-03-27 14:26:37.0'),(660,'images/players/profile/','1','uzP35tiyfOlndBI.png',NULL,'2021-03-27 14:26:37.0','2021-03-27 14:26:37.0'),(661,'images/players/profile/','1','bJaGi2CXuiLXkTl.png',NULL,'2021-03-27 14:26:38.0','2021-03-27 14:26:38.0'),(662,'images/players/profile/','1','wyx9VY6YEuA6aBV.png',NULL,'2021-03-27 14:26:38.0','2021-03-27 14:26:38.0'),(663,'images/players/profile/','1','lxjR1E30quVLg9D.png',NULL,'2021-03-27 14:26:38.0','2021-03-27 14:26:38.0'),(664,'images/players/profile/','1','G0cygZrP9I8vTK7.png',NULL,'2021-03-27 14:26:38.0','2021-03-27 14:26:38.0'),(665,'images/players/profile/','1','diA5iOEKyCyVHMP.png',NULL,'2021-03-27 14:26:38.0','2021-03-27 14:26:38.0'),(666,'images/players/profile/','1','g3uljW3cUGWrvJ7.png',NULL,'2021-03-27 14:26:38.0','2021-03-27 14:26:38.0'),(667,'images/players/profile/','1','qkBwquhpVJBbgWw.png',NULL,'2021-03-27 14:26:38.0','2021-03-27 14:26:38.0'),(668,'images/players/profile/','1','SepJSHXMUv2Y2q8.png',NULL,'2021-03-27 14:26:38.0','2021-03-27 14:26:38.0'),(669,'images/players/profile/','1','NZjORsGam939LUE.png',NULL,'2021-03-27 14:26:38.0','2021-03-27 14:26:38.0'),(670,'images/players/profile/','1','npCRFW3Si27vjlY.png',NULL,'2021-03-27 14:26:38.0','2021-03-27 14:26:38.0'),(671,'images/players/profile/','1','Go8Lg0XJqouZTEU.png',NULL,'2021-03-27 14:26:38.0','2021-03-27 14:26:38.0'),(672,'images/players/profile/','1','W52lcS53JEuFcEg.png',NULL,'2021-03-27 14:26:38.0','2021-03-27 14:26:38.0'),(673,'images/players/profile/','1','IY2ypOFuZYFAyYM.png',NULL,'2021-03-27 14:26:39.0','2021-03-27 14:26:39.0'),(674,'images/players/profile/','1','jtrY8hJPNAyzN0F.png',NULL,'2021-03-27 14:26:39.0','2021-03-27 14:26:39.0'),(675,'images/players/profile/','1','XuKqh2Vqg440iFK.png',NULL,'2021-03-27 14:26:39.0','2021-03-27 14:26:39.0'),(676,'images/players/profile/','1','3lFiOPaCMvc8Km2.png',NULL,'2021-03-27 14:26:39.0','2021-03-27 14:26:39.0'),(677,'images/players/profile/','1','1dxx8vurZP47wWt.png',NULL,'2021-03-27 14:26:39.0','2021-03-27 14:26:39.0'),(678,'images/players/profile/','1','XerCGemCkXnKvzi.png',NULL,'2021-03-27 14:26:39.0','2021-03-27 14:26:39.0'),(679,'images/players/profile/','1','fBhuSBsfbPjQLHt.png',NULL,'2021-03-27 14:26:39.0','2021-03-27 14:26:39.0'),(680,'images/players/profile/','1','PNa6U7lFL4OavzU.png',NULL,'2021-03-27 14:26:39.0','2021-03-27 14:26:39.0'),(681,'images/players/profile/','1','wLBUnNS5PeeYNHV.png',NULL,'2021-03-27 14:26:39.0','2021-03-27 14:26:39.0'),(682,'images/players/profile/','1','Laj9LcBcKzfld5d.png',NULL,'2021-03-27 14:26:39.0','2021-03-27 14:26:39.0'),(683,'images/players/profile/','1','dfgzDBM0mmI9I7K.png',NULL,'2021-03-27 14:26:39.0','2021-03-27 14:26:39.0'),(684,'images/players/profile/','1','XxowIH4THavIbIy.png',NULL,'2021-03-27 14:26:39.0','2021-03-27 14:26:39.0'),(685,'images/players/profile/','1','Dr37EtnkXeVqQgs.png',NULL,'2021-03-27 14:26:40.0','2021-03-27 14:26:40.0'),(686,'images/players/profile/','1','zspnloayZ3zhTSq.png',NULL,'2021-03-27 14:26:40.0','2021-03-27 14:26:40.0'),(687,'images/players/profile/','1','PN7Am3TVD4FuROC.png',NULL,'2021-03-27 14:26:40.0','2021-03-27 14:26:40.0'),(688,'images/players/profile/','1','VZ7foExDvXD7kI8.png',NULL,'2021-03-27 14:26:40.0','2021-03-27 14:26:40.0'),(689,'images/players/profile/','1','ZmimwC7tz1Dok0H.png',NULL,'2021-03-27 14:26:40.0','2021-03-27 14:26:40.0'),(690,'images/players/profile/','1','YRBBhBRDpz33oXd.png',NULL,'2021-03-27 14:26:40.0','2021-03-27 14:26:40.0'),(691,'images/players/profile/','1','oxc3F9KbBCtPWt3.png',NULL,'2021-03-27 14:26:40.0','2021-03-27 14:26:40.0'),(692,'images/players/profile/','1','17zg8r3iXMSzxYP.png',NULL,'2021-03-27 14:26:40.0','2021-03-27 14:26:40.0'),(693,'images/players/profile/','1','ioxhsBYW1x45Fj6.png',NULL,'2021-03-27 14:26:40.0','2021-03-27 14:26:40.0'),(694,'images/players/profile/','1','3yWltINeaGpduvr.png',NULL,'2021-03-27 14:26:40.0','2021-03-27 14:26:40.0'),(695,'images/players/profile/','1','jsxLyDn1HewfSyK.png',NULL,'2021-03-27 14:26:40.0','2021-03-27 14:26:40.0'),(696,'images/players/profile/','1','K6rfx4b3NpFIZie.png',NULL,'2021-03-27 14:26:40.0','2021-03-27 14:26:40.0'),(697,'images/players/profile/','1','FMicp32KRWmjeYY.png',NULL,'2021-03-27 14:26:40.0','2021-03-27 14:26:40.0'),(698,'images/players/profile/','1','EOh9aZEzxvDxqlZ.png',NULL,'2021-03-27 14:26:40.0','2021-03-27 14:26:40.0'),(699,'images/players/profile/','1','hHMbwsfqMZ4EFWr.png',NULL,'2021-03-27 14:26:40.0','2021-03-27 14:26:40.0'),(700,'images/players/profile/','1','caJm2EXqiY6FzI5.png',NULL,'2021-03-27 14:26:41.0','2021-03-27 14:26:41.0'),(701,'images/players/profile/','1','FOlYnHpkpebfOoE.png',NULL,'2021-03-27 14:26:41.0','2021-03-27 14:26:41.0'),(702,'images/players/profile/','1','l9KYQIzF2PW23h7.png',NULL,'2021-03-27 14:26:41.0','2021-03-27 14:26:41.0'),(703,'images/players/profile/','1','PsAp2gRgtYeSVH2.png',NULL,'2021-03-27 14:26:41.0','2021-03-27 14:26:41.0'),(704,'images/players/profile/','1','4NwoZIbbo5Y3wVf.png',NULL,'2021-03-27 14:26:41.0','2021-03-27 14:26:41.0'),(705,'images/players/profile/','1','nRbH7Qf0XiR44C1.png',NULL,'2021-03-27 14:26:41.0','2021-03-27 14:26:41.0'),(706,'images/players/profile/','1','rO0AqMXhRxucEhx.png',NULL,'2021-03-27 14:26:41.0','2021-03-27 14:26:41.0'),(707,'images/players/profile/','1','6uEXwHxEsR9ljIR.png',NULL,'2021-03-27 14:26:41.0','2021-03-27 14:26:41.0'),(708,'images/players/profile/','1','YxKN1iZK6kNVsmg.png',NULL,'2021-03-27 14:26:41.0','2021-03-27 14:26:41.0'),(709,'images/players/profile/','1','DkQ4JfdBKjnXmki.png',NULL,'2021-03-27 14:26:41.0','2021-03-27 14:26:41.0'),(710,'images/players/profile/','1','aMtE0xMdGIVQ7Cr.png',NULL,'2021-03-27 14:26:41.0','2021-03-27 14:26:41.0'),(711,'images/players/profile/','1','U6BIb49RTlPTv34.png',NULL,'2021-03-27 14:26:41.0','2021-03-27 14:26:41.0'),(712,'images/players/profile/','1','nnW2R8xq4zH9R3n.png',NULL,'2021-03-27 14:26:42.0','2021-03-27 14:26:42.0'),(713,'images/players/profile/','1','hHBZqLGH3QxCq9T.png',NULL,'2021-03-27 14:26:42.0','2021-03-27 14:26:42.0'),(714,'images/players/profile/','1','XNbFFwpHWbHBzrS.png',NULL,'2021-03-27 14:26:42.0','2021-03-27 14:26:42.0'),(715,'images/players/profile/','1','YAVHRd8WIeoqsK7.png',NULL,'2021-03-27 14:26:42.0','2021-03-27 14:26:42.0'),(716,'images/players/profile/','1','P9JD5k5BCo8Qa5H.png',NULL,'2021-03-27 14:26:42.0','2021-03-27 14:26:42.0'),(717,'images/players/profile/','1','7uOy1I0SUbkJX3I.png',NULL,'2021-03-27 14:26:42.0','2021-03-27 14:26:42.0'),(718,'images/players/profile/','1','sMiyimRN0t6Y3AB.png',NULL,'2021-03-27 14:26:42.0','2021-03-27 14:26:42.0'),(719,'images/players/profile/','1','BozRM2wbMpO5ihA.png',NULL,'2021-03-27 14:26:42.0','2021-03-27 14:26:42.0'),(720,'images/players/profile/','1','d9dpn11K8B3YUPC.png',NULL,'2021-03-27 14:26:42.0','2021-03-27 14:26:42.0'),(721,'images/players/profile/','1','c9P8jJxUHQNgAJj.png',NULL,'2021-03-27 14:26:42.0','2021-03-27 14:26:42.0'),(722,'images/players/profile/','1','ZyojASsMp1LyrYV.png',NULL,'2021-03-27 14:26:42.0','2021-03-27 14:26:42.0'),(723,'images/players/profile/','1','4gbbnaEvGrHp0rr.png',NULL,'2021-03-27 14:26:42.0','2021-03-27 14:26:42.0'),(724,'images/players/profile/','1','usxe2YlxlMfimNa.png',NULL,'2021-03-27 14:26:42.0','2021-03-27 14:26:42.0'),(725,'images/players/profile/','1','0yG7gQqbwWtxHiB.png',NULL,'2021-03-27 14:26:42.0','2021-03-27 14:26:42.0'),(726,'images/players/profile/','1','unFN22uaN4NFg6l.png',NULL,'2021-03-27 14:26:42.0','2021-03-27 14:26:42.0'),(727,'images/players/profile/','1','YRGJHx6VZSWKo3S.png',NULL,'2021-03-27 14:26:42.0','2021-03-27 14:26:42.0'),(728,'images/players/profile/','1','TBoR4N0T1fSeuH4.png',NULL,'2021-03-27 14:26:43.0','2021-03-27 14:26:43.0'),(729,'images/players/profile/','1','LXvcNIaaFIEqpcq.png',NULL,'2021-03-27 14:26:43.0','2021-03-27 14:26:43.0'),(730,'images/players/profile/','1','SyJhNTrnpEZE4gw.png',NULL,'2021-03-27 14:26:43.0','2021-03-27 14:26:43.0'),(731,'images/players/profile/','1','02hYXcKDe0d5mpt.png',NULL,'2021-03-27 14:26:43.0','2021-03-27 14:26:43.0'),(732,'images/players/profile/','1','WXLCi2aCl1GDr6h.png',NULL,'2021-03-27 14:26:43.0','2021-03-27 14:26:43.0'),(733,'images/players/profile/','1','AV5fjIiidMH9k0L.png',NULL,'2021-03-27 14:26:43.0','2021-03-27 14:26:43.0'),(734,'images/players/profile/','1','tuq1YLEN4cO43eE.png',NULL,'2021-03-27 14:26:43.0','2021-03-27 14:26:43.0'),(735,'images/players/profile/','1','i5aotF0eovw7w9b.png',NULL,'2021-03-27 14:26:43.0','2021-03-27 14:26:43.0'),(736,'images/players/profile/','1','GTvpKtN1sCB9V03.png',NULL,'2021-03-27 14:26:43.0','2021-03-27 14:26:43.0'),(737,'images/players/profile/','1','yjSGY7RCyx7PkpT.png',NULL,'2021-03-27 14:26:43.0','2021-03-27 14:26:43.0'),(738,'images/players/profile/','1','S9v2zXQyK39I70y.png',NULL,'2021-03-27 14:26:43.0','2021-03-27 14:26:43.0'),(739,'images/players/profile/','1','XgUN25yWGNfONra.png',NULL,'2021-03-27 14:26:43.0','2021-03-27 14:26:43.0'),(740,'images/players/profile/','1','kIyQ1vUoC7vJaIJ.png',NULL,'2021-03-27 14:26:43.0','2021-03-27 14:26:43.0'),(741,'images/players/profile/','1','JrBa8iQfC0DJh3b.png',NULL,'2021-03-27 14:26:44.0','2021-03-27 14:26:44.0'),(742,'images/players/profile/','1','QBjImvvWvxGVs46.png',NULL,'2021-03-27 14:26:44.0','2021-03-27 14:26:44.0'),(743,'images/players/profile/','1','DcihjMS0lULpgVi.png',NULL,'2021-03-27 14:26:44.0','2021-03-27 14:26:44.0'),(744,'images/players/profile/','1','47GfehdK1sYXAoW.png',NULL,'2021-03-27 14:26:44.0','2021-03-27 14:26:44.0'),(745,'images/players/profile/','1','NRizAQBe25cjNHI.png',NULL,'2021-03-27 14:26:44.0','2021-03-27 14:26:44.0'),(746,'images/players/profile/','1','jgo4pNKVsg6cDiy.png',NULL,'2021-03-27 14:26:44.0','2021-03-27 14:26:44.0'),(747,'images/players/profile/','1','aRk1BLBoUbdSqPj.png',NULL,'2021-03-27 14:26:44.0','2021-03-27 14:26:44.0'),(748,'images/players/profile/','1','NkoImivw3XnlxFE.png',NULL,'2021-03-27 14:26:44.0','2021-03-27 14:26:44.0'),(749,'images/players/profile/','1','7j5vvlmmcPPtd2H.png',NULL,'2021-03-27 14:26:44.0','2021-03-27 14:26:44.0'),(750,'images/players/profile/','1','PtWWWj3r7KVUx1v.png',NULL,'2021-03-27 14:26:44.0','2021-03-27 14:26:44.0'),(751,'images/players/profile/','1','YN5wbZEmeTPymVh.png',NULL,'2021-03-27 14:26:44.0','2021-03-27 14:26:44.0'),(752,'images/players/profile/','1','aZaZC4DpWzfWkg8.png',NULL,'2021-03-27 14:26:44.0','2021-03-27 14:26:44.0'),(753,'images/players/profile/','1','5Yh5WHc75Krak21.png',NULL,'2021-03-27 14:26:44.0','2021-03-27 14:26:44.0'),(754,'images/players/profile/','1','UeuXHtjlPb4nopq.png',NULL,'2021-03-27 14:26:44.0','2021-03-27 14:26:44.0'),(755,'images/players/profile/','1','9wbgk7ur2Mse20K.png',NULL,'2021-03-27 14:26:44.0','2021-03-27 14:26:44.0'),(756,'images/players/profile/','1','nmPvZZeCFxr4JcU.png',NULL,'2021-03-27 14:26:44.0','2021-03-27 14:26:44.0'),(757,'images/players/profile/','1','ShC2UYMK1EYrDhi.png',NULL,'2021-03-27 14:26:45.0','2021-03-27 14:26:45.0'),(758,'images/players/profile/','1','c5chbWMk9sMdLox.png',NULL,'2021-03-27 14:26:45.0','2021-03-27 14:26:45.0'),(759,'images/players/profile/','1','KZHEoZ148CWChti.png',NULL,'2021-03-27 14:26:45.0','2021-03-27 14:26:45.0'),(760,'images/players/profile/','1','XhCXSHhH7bOgFFw.png',NULL,'2021-03-27 14:29:41.0','2021-03-27 14:29:41.0'),(761,'images/players/profile/','1','uLviuT3hVKhCJCc.png',NULL,'2021-03-27 14:31:16.0','2021-03-27 14:31:16.0'),(762,'images/players/profile/','1','GhQZ353sP4uIW6m.png',NULL,'2021-03-27 15:11:17.0','2021-03-27 15:11:17.0'),(763,'images/players/profile/','1','1JBAVJ5vDIIgZVu.png',NULL,'2021-03-27 15:12:11.0','2021-03-27 15:12:11.0');
/*!40000 ALTER TABLE `images` ENABLE KEYS */;
UNLOCK TABLES;

--
-- Table structure for table `player_team`
--

DROP TABLE IF EXISTS `player_team`;
/*!40101 SET @saved_cs_client     = @@character_set_client */;
/*!40101 SET character_set_client = utf8 */;
CREATE TABLE `player_team` (
  `id` int(11) NOT NULL AUTO_INCREMENT,
  `player_id` int(11) NOT NULL,
  `team_id` int(11) NOT NULL,
  `current` tinyint(1) NOT NULL DEFAULT '1',
  `created_at` timestamp(1) NULL DEFAULT NULL,
  `updated_at` timestamp(1) NULL DEFAULT NULL,
  PRIMARY KEY (`id`),
  KEY `fk_player_team_player_idx` (`player_id`),
  KEY `fk_player_team_team_idx` (`team_id`),
  CONSTRAINT `fk_player_team_player` FOREIGN KEY (`player_id`) REFERENCES `players` (`id`) ON DELETE CASCADE ON UPDATE CASCADE,
  CONSTRAINT `fk_player_team_team` FOREIGN KEY (`team_id`) REFERENCES `teams` (`id`) ON DELETE CASCADE ON UPDATE CASCADE
) ENGINE=InnoDB AUTO_INCREMENT=6 DEFAULT CHARSET=latin1;
/*!40101 SET character_set_client = @saved_cs_client */;

--
-- Dumping data for table `player_team`
--

LOCK TABLES `player_team` WRITE;
/*!40000 ALTER TABLE `player_team` DISABLE KEYS */;
INSERT INTO `player_team` VALUES (1,1,50,1,NULL,NULL),(2,2,52,1,NULL,NULL),(3,7,50,1,NULL,NULL),(4,8,50,1,NULL,NULL),(5,9,50,1,NULL,NULL);
/*!40000 ALTER TABLE `player_team` ENABLE KEYS */;
UNLOCK TABLES;

--
-- Table structure for table `players`
--

DROP TABLE IF EXISTS `players`;
/*!40101 SET @saved_cs_client     = @@character_set_client */;
/*!40101 SET character_set_client = utf8 */;
CREATE TABLE `players` (
  `id` int(11) NOT NULL AUTO_INCREMENT,
  `name` varchar(100) NOT NULL,
  `nick` varchar(100) DEFAULT NULL,
  `birth_date` date DEFAULT NULL,
  `number` int(11) NOT NULL,
  `height` decimal(10,2) DEFAULT NULL,
  `weight` decimal(10,2) DEFAULT NULL,
  `position_id` int(11) NOT NULL,
  `updated_at` timestamp(1) NULL DEFAULT NULL,
  `created_at` timestamp(1) NULL DEFAULT NULL,
  `photo_id` int(11) DEFAULT NULL,
  PRIMARY KEY (`id`),
  KEY `fk_players_position_idx` (`position_id`),
  KEY `fk_players_Images_idx` (`photo_id`),
  CONSTRAINT `fk_players_position` FOREIGN KEY (`position_id`) REFERENCES `positions` (`id`)
) ENGINE=InnoDB AUTO_INCREMENT=10 DEFAULT CHARSET=latin1;
/*!40101 SET character_set_client = @saved_cs_client */;

--
-- Dumping data for table `players`
--

LOCK TABLES `players` WRITE;
/*!40000 ALTER TABLE `players` DISABLE KEYS */;
INSERT INTO `players` VALUES (1,'Larrea Lucas','Negro','1992-07-20',11,193.00,87.00,6,'2021-03-28 07:27:19.0','2020-12-22 19:55:41.0',761),(2,'Otro jugador','otro','0000-00-00',12,120.00,10.00,3,'2020-12-22 21:02:49.0','2020-12-22 21:02:49.0',NULL),(3,'Jugador RP','','0000-00-00',1,174.00,74.00,2,'2021-03-21 22:09:28.0','2021-03-21 22:09:28.0',NULL),(4,'de rio','','0000-00-00',12,143.00,57.00,2,'2021-03-22 23:03:12.0','2021-03-22 23:03:12.0',NULL),(7,'Fernando Larrea','Gato','0000-00-00',9,182.00,123.00,1,'2021-03-27 14:29:41.0','2021-03-22 23:18:03.0',760),(8,'Andersen Damian','Negro','0000-00-00',1,181.00,85.00,3,'2021-03-27 15:12:11.0','2021-03-27 13:54:00.0',763),(9,'Kruguer Omar','','0000-00-00',2,176.00,69.00,2,'2021-03-27 15:11:17.0','2021-03-27 13:55:34.0',762);
/*!40000 ALTER TABLE `players` ENABLE KEYS */;
UNLOCK TABLES;

--
-- Table structure for table `positions`
--

DROP TABLE IF EXISTS `positions`;
/*!40101 SET @saved_cs_client     = @@character_set_client */;
/*!40101 SET character_set_client = utf8 */;
CREATE TABLE `positions` (
  `id` int(11) NOT NULL AUTO_INCREMENT,
  `name` varchar(45) DEFAULT NULL,
  `created_at` timestamp(1) NULL DEFAULT NULL,
  `updated_at` timestamp(1) NULL DEFAULT NULL,
  PRIMARY KEY (`id`)
) ENGINE=InnoDB AUTO_INCREMENT=7 DEFAULT CHARSET=latin1;
/*!40101 SET character_set_client = @saved_cs_client */;

--
-- Dumping data for table `positions`
--

LOCK TABLES `positions` WRITE;
/*!40000 ALTER TABLE `positions` DISABLE KEYS */;
INSERT INTO `positions` VALUES (1,'Delantero 2','2020-12-20 21:23:35.0','2021-01-03 21:08:03.0'),(2,'Defensa','2020-12-20 21:24:42.0','2020-12-20 21:33:55.0'),(3,'Arquero','2020-12-20 21:26:07.0','2020-12-20 21:34:05.0'),(6,'Mediocampista','2020-12-20 21:34:21.0','2020-12-22 04:09:36.0');
/*!40000 ALTER TABLE `positions` ENABLE KEYS */;
UNLOCK TABLES;

--
-- Table structure for table `team_user`
--

DROP TABLE IF EXISTS `team_user`;
/*!40101 SET @saved_cs_client     = @@character_set_client */;
/*!40101 SET character_set_client = utf8 */;
CREATE TABLE `team_user` (
  `id` int(11) NOT NULL AUTO_INCREMENT,
  `user_id` int(11) DEFAULT NULL,
  `team_id` int(11) DEFAULT NULL,
  `team_usercol` varchar(45) DEFAULT NULL,
  PRIMARY KEY (`id`)
) ENGINE=InnoDB AUTO_INCREMENT=3 DEFAULT CHARSET=latin1;
/*!40101 SET character_set_client = @saved_cs_client */;

--
-- Dumping data for table `team_user`
--

LOCK TABLES `team_user` WRITE;
/*!40000 ALTER TABLE `team_user` DISABLE KEYS */;
INSERT INTO `team_user` VALUES (1,67,50,NULL),(2,68,50,NULL);
/*!40000 ALTER TABLE `team_user` ENABLE KEYS */;
UNLOCK TABLES;

--
-- Table structure for table `teams`
--

DROP TABLE IF EXISTS `teams`;
/*!40101 SET @saved_cs_client     = @@character_set_client */;
/*!40101 SET character_set_client = utf8 */;
CREATE TABLE `teams` (
  `id` int(11) NOT NULL AUTO_INCREMENT,
  `name` varchar(45) DEFAULT NULL,
  `created_at` timestamp(1) NULL DEFAULT NULL,
  `updated_at` timestamp(1) NULL DEFAULT NULL,
  `shield_id` int(11) DEFAULT NULL,
  `cover_page_id` int(1) DEFAULT NULL,
  PRIMARY KEY (`id`),
  KEY `fk_teams_image_idx` (`shield_id`),
  CONSTRAINT `fk_teams_image` FOREIGN KEY (`shield_id`) REFERENCES `images` (`id`) ON DELETE SET NULL ON UPDATE SET NULL
) ENGINE=InnoDB AUTO_INCREMENT=63 DEFAULT CHARSET=latin1;
/*!40101 SET character_set_client = @saved_cs_client */;

--
-- Dumping data for table `teams`
--

LOCK TABLES `teams` WRITE;
/*!40000 ALTER TABLE `teams` DISABLE KEYS */;
INSERT INTO `teams` VALUES (50,'Rio de la Plata','2020-12-19 18:55:31.0','2020-12-29 02:01:33.0',14,15),(51,'Los Duendes','2020-12-19 18:55:45.0','2020-12-23 20:55:18.0',NULL,NULL),(52,'25 de junio','2020-12-19 18:56:04.0','2021-03-01 03:31:59.0',25,26),(53,'Colon','2020-12-19 18:56:19.0','2020-12-26 01:05:44.0',NULL,28),(54,'Talavera','2020-12-19 18:58:30.0','2020-12-19 18:58:30.0',NULL,NULL),(55,'Banco Nacin ','2020-12-19 18:58:45.0','2021-03-01 03:23:46.0',22,23),(56,'Docentes','2020-12-19 18:58:52.0','2021-03-01 03:36:35.0',27,28),(57,'Taller Kali','2020-12-20 20:31:07.0','2021-03-01 03:28:36.0',24,22),(58,'Arcenal','2020-12-20 23:44:25.0','2020-12-28 02:23:39.0',4,5),(59,'test','2021-01-31 17:56:00.0','2021-01-31 17:56:00.0',20,21),(60,'otr eq','2021-02-09 01:10:14.0','2021-02-09 01:10:14.0',NULL,NULL),(61,'Sin Foto','2021-02-13 13:28:22.0','2021-02-13 13:28:22.0',NULL,NULL),(62,'Equipo con un nombre largo , mas que largo. S','2021-02-21 23:46:55.0','2021-02-28 14:52:57.0',NULL,NULL);
/*!40000 ALTER TABLE `teams` ENABLE KEYS */;
UNLOCK TABLES;

--
-- Table structure for table `types_events`
--

DROP TABLE IF EXISTS `types_events`;
/*!40101 SET @saved_cs_client     = @@character_set_client */;
/*!40101 SET character_set_client = utf8 */;
CREATE TABLE `types_events` (
  `id` int(11) NOT NULL AUTO_INCREMENT,
  `name` varchar(145) NOT NULL,
  `icon` varchar(245) DEFAULT NULL,
  PRIMARY KEY (`id`)
) ENGINE=InnoDB AUTO_INCREMENT=5 DEFAULT CHARSET=latin1;
/*!40101 SET character_set_client = @saved_cs_client */;

--
-- Dumping data for table `types_events`
--

LOCK TABLES `types_events` WRITE;
/*!40000 ALTER TABLE `types_events` DISABLE KEYS */;
INSERT INTO `types_events` VALUES (1,'Gol',''),(2,'Amarilla',''),(3,'Roja',''),(4,'Asistencia','');
/*!40000 ALTER TABLE `types_events` ENABLE KEYS */;
UNLOCK TABLES;

--
-- Table structure for table `users`
--

DROP TABLE IF EXISTS `users`;
/*!40101 SET @saved_cs_client     = @@character_set_client */;
/*!40101 SET character_set_client = utf8 */;
CREATE TABLE `users` (
  `id` int(11) NOT NULL AUTO_INCREMENT,
  `first_name` varchar(45) NOT NULL,
  `last_name` varchar(45) NOT NULL,
  `email` varchar(45) NOT NULL,
  `remember_token` varchar(450) DEFAULT NULL,
  `password` varchar(145) NOT NULL,
  `role` enum('admin','user') NOT NULL,
  `photo_id` int(11) DEFAULT NULL,
  `created_at` timestamp(1) NULL DEFAULT NULL,
  `updated_at` timestamp(1) NULL DEFAULT NULL,
  `api_token` varchar(100) NOT NULL,
  PRIMARY KEY (`id`),
  UNIQUE KEY `email_UNIQUE` (`email`),
  UNIQUE KEY `api_token_UNIQUE` (`api_token`),
  KEY `fk_users_image_idx` (`photo_id`),
  CONSTRAINT `fk_users_image` FOREIGN KEY (`photo_id`) REFERENCES `images` (`id`) ON DELETE SET NULL ON UPDATE SET NULL
) ENGINE=InnoDB AUTO_INCREMENT=74 DEFAULT CHARSET=latin1;
/*!40101 SET character_set_client = @saved_cs_client */;

--
-- Dumping data for table `users`
--

LOCK TABLES `users` WRITE;
/*!40000 ALTER TABLE `users` DISABLE KEYS */;
INSERT INTO `users` VALUES (67,'lucas','larrea','liquiitass@gmail.com',NULL,'$2y$10$GDkRIH4kJKUUxs2smV.kU.2xEbmHAIU2Mf9wijqLXo4ZCO3mfyvVW','admin',18,'2020-12-29 03:12:27.0','2020-12-29 03:12:27.0','k6Wq3MWATSVlOmYXAJk9NZ72VDhlFEKCh1NA5dHTd34lOQNYQy'),(68,'Lucas','User','larrealucas20@gmail.com',NULL,'$2y$10$5dk6JU/bwMgqpOgWu.XYXulPm4j7IrmH.IbCQuyfDAZUn9E7fnsaS','user',NULL,'2021-01-03 21:09:41.0','2021-01-03 21:09:41.0','w8dHAlOywk5Fo2xHN4b4vectlBp2wyRNAaRnIZehnYDuLSTIPx'),(72,'Fernando','Larrea','liquiitass@gmail.com2',NULL,'$2y$10$hhLqB.aFiwXzXQd8XHMpbOtYZnFoH5SspZjdMG74/JAWYV89AIHTe','admin',19,'2021-01-11 01:32:54.0','2021-01-11 01:32:55.0','ZyteDv2KHU7s0AegoDw4FKXrYfjx7f6mRGBT0HEbGUSwt3aHoe'),(73,'aaaa','aaaa','a@a.a',NULL,'$2y$10$y/DYgv86vDTCzraalNqxcemWEN/tF04EJYhTLrTnjpAfXsIIPEKTG','admin',NULL,'2021-03-01 04:00:00.0','2021-03-01 04:00:00.0','yn0WiZdIp0b38Z9Fo9bWko8I1U3oG1Wofy1XPlJfl6FgGRx6Qd');
/*!40000 ALTER TABLE `users` ENABLE KEYS */;
UNLOCK TABLES;
/*!40103 SET TIME_ZONE=@OLD_TIME_ZONE */;

/*!40101 SET SQL_MODE=@OLD_SQL_MODE */;
/*!40014 SET FOREIGN_KEY_CHECKS=@OLD_FOREIGN_KEY_CHECKS */;
/*!40014 SET UNIQUE_CHECKS=@OLD_UNIQUE_CHECKS */;
/*!40101 SET CHARACTER_SET_CLIENT=@OLD_CHARACTER_SET_CLIENT */;
/*!40101 SET CHARACTER_SET_RESULTS=@OLD_CHARACTER_SET_RESULTS */;
/*!40101 SET COLLATION_CONNECTION=@OLD_COLLATION_CONNECTION */;
/*!40111 SET SQL_NOTES=@OLD_SQL_NOTES */;

-- Dump completed on 2021-03-28  4:48:12
